lat,lng
-34.617791,-58.530122
-34.617791,-58.530122
-34.615539,-58.529460
-34.621738,-58.529241
-34.614980,-58.529175
-34.613747,-58.529167
-34.622839,-58.529143
-34.621794,-58.529037
-34.621794,-58.529037
-34.634099,-58.528741
-34.643905,-58.528585
-34.633912,-58.528392
-34.633912,-58.528392
-34.633912,-58.528392
-34.623674,-58.528332
-34.629265,-58.528211
-34.612984,-58.528183
-34.616244,-58.528126
-34.616244,-58.528126
-34.616244,-58.528126
-34.616244,-58.528126
-34.616244,-58.528126
-34.616244,-58.528126
-34.616244,-58.528126
-34.616244,-58.528126
-34.616244,-58.528126
-34.627267,-58.528096
-34.627267,-58.528096
-34.614482,-58.527840
-34.621648,-58.527823
-34.641725,-58.527799
-34.638390,-58.527798
-34.639098,-58.527795
-34.614650,-58.527723
-34.640216,-58.527660
-34.640216,-58.527660
-34.640216,-58.527660
-34.638333,-58.527656
-34.640756,-58.527620
-34.636300,-58.527613
-34.636300,-58.527613
-34.618417,-58.527603
-34.634079,-58.527481
-34.611258,-58.527431
-34.627272,-58.527416
-34.622727,-58.527282
-34.622727,-58.527282
-34.614997,-58.527274
-34.625677,-58.527058
-34.619014,-58.526932
-34.620694,-58.526835
-34.626126,-58.526712
-34.619177,-58.526571
-34.619177,-58.526571
-34.649022,-58.526452
-34.633002,-58.526397
-34.627248,-58.526368
-34.631197,-58.526340
-34.641102,-58.526340
-34.641102,-58.526340
-34.640411,-58.526293
-34.642518,-58.526247
-34.626085,-58.526233
-34.623984,-58.526187
-34.623984,-58.526187
-34.643914,-58.526158
-34.631719,-58.526050
-34.614308,-58.525990
-34.614308,-58.525990
-34.624162,-58.525957
-34.624162,-58.525957
-34.624162,-58.525957
-34.652645,-58.525949
-34.632312,-58.525896
-34.632312,-58.525896
-34.632389,-58.525876
-34.628802,-58.525729
-34.628802,-58.525729
-34.628802,-58.525729
-34.628802,-58.525729
-34.635533,-58.525516
-34.655594,-58.525470
-34.631788,-58.525463
-34.633433,-58.525246
-34.633433,-58.525246
-34.635519,-58.525154
-34.624704,-58.525144
-34.624704,-58.525144
-34.625283,-58.525062
-34.625283,-58.525062
-34.637174,-58.525059
-34.632035,-58.524900
-34.628260,-58.524894
-34.632049,-58.524805
-34.632079,-58.524795
-34.632856,-58.524648
-34.642794,-58.524641
-34.612094,-58.524605
-34.633163,-58.524566
-34.630019,-58.524422
-34.627643,-58.524344
-34.640110,-58.524322
-34.630001,-58.524311
-34.621571,-58.524123
-34.609060,-58.524059
-34.624034,-58.523994
-34.649643,-58.523821
-34.603416,-58.523803
-34.639860,-58.523585
-34.639860,-58.523585
-34.601007,-58.523570
-34.641128,-58.523534
-34.641297,-58.523514
-34.613104,-58.523462
-34.613800,-58.523432
-34.624526,-58.523381
-34.632903,-58.523375
-34.655136,-58.523294
-34.655136,-58.523294
-34.633502,-58.523282
-34.637043,-58.523251
-34.637043,-58.523251
-34.637043,-58.523251
-34.637043,-58.523251
-34.642479,-58.523226
-34.627135,-58.523214
-34.627211,-58.523191
-34.616119,-58.523182
-34.643650,-58.523095
-34.627825,-58.523094
-34.603847,-58.523044
-34.628284,-58.522954
-34.628284,-58.522954
-34.632659,-58.522914
-34.640471,-58.522799
-34.640471,-58.522799
-34.628838,-58.522692
-34.625331,-58.522641
-34.617208,-58.522529
-34.640455,-58.522454
-34.651557,-58.522146
-34.626555,-58.522012
-34.658439,-58.522005
-34.620820,-58.521928
-34.620820,-58.521928
-34.622723,-58.521906
-34.649234,-58.521891
-34.640286,-58.521888
-34.616146,-58.521768
-34.616146,-58.521768
-34.616146,-58.521768
-34.601806,-58.521703
-34.622128,-58.521656
-34.622128,-58.521656
-34.634310,-58.521590
-34.636493,-58.521548
-34.643905,-58.521185
-34.623157,-58.521180
-34.653769,-58.520756
-34.639070,-58.520570
-34.609637,-58.520476
-34.642562,-58.520472
-34.618089,-58.520381
-34.654750,-58.520296
-34.596296,-58.520280
-34.615732,-58.520105
-34.639097,-58.520039
-34.626780,-58.519916
-34.643424,-58.519890
-34.610178,-58.519801
-34.610178,-58.519801
-34.610681,-58.519780
-34.610681,-58.519780
-34.650851,-58.519753
-34.618567,-58.519575
-34.638917,-58.519507
-34.651624,-58.519342
-34.609127,-58.519327
-34.621593,-58.519316
-34.598017,-58.519209
-34.598017,-58.519209
-34.613208,-58.519117
-34.643682,-58.519099
-34.593499,-58.518965
-34.593499,-58.518965
-34.595631,-58.518898
-34.625505,-58.518890
-34.619272,-58.518879
-34.641445,-58.518699
-34.631990,-58.518671
-34.639167,-58.518665
-34.614568,-58.518627
-34.623402,-58.518589
-34.642496,-58.518541
-34.642289,-58.518491
-34.642289,-58.518491
-34.601036,-58.518487
-34.631828,-58.518445
-34.591038,-58.518285
-34.594226,-58.518191
-34.594226,-58.518191
-34.594226,-58.518191
-34.608621,-58.518157
-34.614048,-58.517896
-34.622824,-58.517811
-34.653142,-58.517799
-34.613244,-58.517705
-34.617653,-58.517623
-34.600403,-58.517612
-34.651966,-58.517543
-34.613797,-58.517523
-34.619893,-58.517469
-34.606108,-58.517445
-34.620484,-58.517312
-34.659595,-58.517276
-34.643766,-58.517191
-34.643766,-58.517191
-34.643766,-58.517191
-34.620382,-58.517135
-34.627859,-58.517063
-34.623824,-58.516987
-34.607798,-58.516973
-34.590226,-58.516963
-34.649746,-58.516925
-34.601091,-58.516903
-34.660486,-58.516886
-34.656835,-58.516873
-34.638449,-58.516851
-34.649306,-58.516755
-34.623670,-58.516722
-34.626617,-58.516630
-34.626096,-58.516610
-34.626096,-58.516610
-34.593758,-58.516435
-34.593758,-58.516435
-34.591151,-58.516371
-34.653369,-58.516365
-34.597279,-58.516195
-34.597279,-58.516195
-34.590802,-58.516064
-34.644752,-58.516057
-34.617571,-58.516026
-34.617571,-58.516026
-34.631094,-58.515992
-34.645721,-58.515912
-34.625404,-58.515828
-34.588689,-58.515632
-34.620302,-58.515632
-34.594585,-58.515589
-34.594585,-58.515589
-34.620609,-58.515574
-34.620609,-58.515574
-34.585207,-58.515520
-34.646236,-58.515480
-34.662702,-58.515430
-34.662702,-58.515430
-34.629994,-58.515288
-34.631922,-58.514916
-34.631922,-58.514916
-34.653996,-58.514896
-34.653996,-58.514896
-34.585394,-58.514808
-34.655955,-58.514806
-34.655955,-58.514806
-34.644381,-58.514786
-34.604068,-58.514657
-34.604022,-58.514582
-34.581832,-58.514581
-34.651254,-58.514576
-34.620045,-58.514530
-34.601920,-58.514486
-34.608902,-58.514423
-34.628514,-58.514411
-34.617821,-58.514205
-34.617821,-58.514205
-34.628412,-58.514173
-34.623745,-58.514116
-34.650598,-58.514057
-34.624455,-58.513773
-34.624455,-58.513773
-34.591828,-58.513739
-34.582545,-58.513730
-34.626051,-58.513721
-34.623440,-58.513698
-34.626068,-58.513609
-34.595936,-58.513495
-34.603435,-58.513478
-34.580928,-58.513471
-34.622055,-58.513358
-34.658525,-58.513046
-34.658525,-58.513046
-34.618477,-58.513004
-34.653951,-58.512950
-34.653951,-58.512950
-34.653951,-58.512950
-34.604467,-58.512906
-34.604467,-58.512906
-34.661139,-58.512903
-34.611057,-58.512880
-34.611057,-58.512880
-34.594952,-58.512826
-34.595822,-58.512742
-34.595822,-58.512742
-34.659981,-58.512711
-34.659981,-58.512711
-34.659981,-58.512711
-34.590012,-58.512640
-34.625219,-58.512563
-34.625219,-58.512563
-34.625219,-58.512563
-34.649446,-58.512546
-34.640606,-58.512474
-34.620830,-58.512451
-34.661496,-58.512397
-34.639213,-58.512297
-34.631940,-58.512276
-34.584332,-58.512231
-34.630278,-58.512035
-34.584584,-58.512003
-34.640340,-58.511957
-34.631745,-58.511935
-34.631745,-58.511935
-34.614744,-58.511932
-34.614744,-58.511932
-34.589568,-58.511927
-34.619174,-58.511823
-34.642677,-58.511823
-34.619174,-58.511823
-34.582399,-58.511812
-34.582399,-58.511812
-34.577986,-58.511764
-34.577986,-58.511764
-34.643664,-58.511710
-34.605883,-58.511709
-34.646724,-58.511662
-34.646724,-58.511662
-34.633204,-58.511616
-34.644002,-58.511543
-34.629529,-58.511416
-34.622473,-58.511388
-34.622473,-58.511388
-34.622473,-58.511388
-34.582948,-58.511314
-34.586626,-58.511263
-34.595468,-58.511261
-34.589913,-58.511246
-34.589913,-58.511246
-34.647240,-58.511221
-34.585568,-58.511112
-34.660377,-58.511040
-34.618441,-58.511010
-34.644421,-58.510978
-34.626868,-58.510970
-34.633937,-58.510904
-34.624213,-58.510902
-34.650099,-58.510901
-34.586392,-58.510885
-34.633773,-58.510880
-34.602951,-58.510847
-34.608639,-58.510763
-34.608639,-58.510763
-34.608639,-58.510763
-34.655267,-58.510657
-34.589799,-58.510587
-34.632987,-58.510573
-34.649641,-58.510557
-34.663879,-58.510551
-34.616854,-58.510539
-34.616854,-58.510539
-34.624549,-58.510535
-34.600525,-58.510495
-34.619707,-58.510377
-34.586343,-58.510302
-34.655531,-58.510283
-34.633487,-58.510271
-34.641363,-58.510207
-34.625367,-58.510081
-34.620563,-58.510077
-34.614988,-58.510053
-34.662213,-58.510035
-34.646610,-58.510004
-34.621166,-58.510001
-34.646578,-58.509915
-34.612157,-58.509914
-34.596093,-58.509876
-34.642948,-58.509823
-34.655918,-58.509801
-34.591544,-58.509770
-34.591544,-58.509770
-34.645004,-58.509737
-34.629768,-58.509702
-34.644921,-58.509644
-34.611085,-58.509559
-34.576439,-58.509394
-34.627542,-58.509359
-34.619482,-58.509334
-34.586730,-58.509318
-34.622833,-58.509278
-34.622833,-58.509278
-34.658753,-58.509262
-34.621746,-58.509246
-34.576605,-58.509244
-34.623749,-58.509196
-34.623937,-58.509187
-34.623937,-58.509187
-34.635411,-58.509176
-34.623800,-58.509131
-34.654147,-58.509102
-34.632384,-58.509037
-34.659274,-58.508922
-34.584497,-58.508895
-34.664962,-58.508826
-34.664962,-58.508826
-34.583580,-58.508821
-34.624192,-58.508718
-34.628841,-58.508670
-34.649268,-58.508625
-34.644852,-58.508570
-34.644852,-58.508570
-34.622267,-58.508568
-34.583711,-58.508400
-34.583711,-58.508400
-34.628372,-58.508379
-34.628372,-58.508379
-34.595374,-58.508335
-34.638924,-58.508318
-34.595744,-58.508248
-34.610308,-58.508243
-34.596823,-58.508159
-34.596823,-58.508159
-34.630068,-58.508084
-34.622840,-58.507952
-34.622840,-58.507952
-34.594536,-58.507944
-34.627887,-58.507700
-34.654174,-58.507622
-34.613553,-58.507478
-34.637663,-58.507441
-34.648565,-58.507427
-34.594150,-58.507327
-34.594150,-58.507327
-34.625878,-58.507222
-34.625878,-58.507222
-34.622791,-58.507202
-34.622791,-58.507202
-34.596108,-58.507118
-34.614093,-58.506963
-34.627818,-58.506890
-34.616225,-58.506871
-34.608377,-58.506852
-34.608377,-58.506852
-34.608377,-58.506852
-34.608377,-58.506852
-34.622385,-58.506848
-34.583888,-58.506826
-34.583888,-58.506826
-34.583888,-58.506826
-34.597396,-58.506685
-34.584680,-58.506660
-34.584680,-58.506660
-34.653841,-58.506613
-34.661287,-58.506515
-34.661287,-58.506515
-34.661287,-58.506515
-34.592440,-58.506356
-34.592440,-58.506356
-34.590027,-58.506107
-34.590027,-58.506107
-34.603567,-58.505942
-34.647606,-58.505933
-34.592159,-58.505902
-34.646818,-58.505891
-34.646818,-58.505891
-34.583301,-58.505888
-34.626310,-58.505854
-34.626310,-58.505854
-34.646908,-58.505633
-34.640676,-58.505603
-34.640676,-58.505603
-34.640676,-58.505603
-34.590736,-58.505587
-34.615415,-58.505580
-34.653135,-58.505479
-34.654660,-58.505428
-34.644640,-58.505380
-34.644640,-58.505380
-34.607057,-58.505297
-34.627455,-58.505270
-34.627455,-58.505270
-34.570686,-58.505257
-34.598352,-58.505214
-34.630738,-58.505212
-34.639805,-58.505146
-34.639805,-58.505146
-34.598962,-58.505136
-34.598962,-58.505136
-34.646435,-58.505083
-34.596112,-58.505061
-34.613489,-58.504996
-34.614228,-58.504948
-34.606113,-58.504886
-34.606113,-58.504886
-34.605925,-58.504837
-34.614094,-58.504716
-34.631977,-58.504710
-34.595011,-58.504658
-34.632034,-58.504652
-34.632034,-58.504652
-34.585790,-58.504584
-34.599745,-58.504540
-34.645117,-58.504506
-34.627560,-58.504459
-34.627560,-58.504459
-34.582026,-58.504357
-34.600293,-58.504322
-34.623471,-58.504300
-34.575316,-58.504233
-34.627172,-58.504115
-34.640606,-58.504108
-34.596425,-58.504006
-34.639137,-58.503963
-34.593596,-58.503850
-34.631778,-58.503826
-34.589698,-58.503753
-34.589698,-58.503753
-34.628040,-58.503707
-34.628040,-58.503707
-34.628040,-58.503707
-34.578841,-58.503675
-34.578841,-58.503675
-34.603007,-58.503519
-34.603007,-58.503519
-34.637049,-58.503485
-34.643562,-58.503457
-34.579155,-58.503391
-34.579155,-58.503391
-34.638581,-58.503370
-34.613132,-58.503333
-34.613132,-58.503333
-34.637881,-58.503280
-34.590506,-58.503231
-34.603503,-58.503189
-34.592574,-58.503112
-34.592574,-58.503112
-34.578126,-58.503037
-34.578126,-58.503037
-34.578126,-58.503037
-34.578126,-58.503037
-34.632412,-58.502982
-34.581631,-58.502928
-34.616350,-58.502902
-34.633338,-58.502798
-34.640215,-58.502798
-34.669579,-58.502752
-34.640269,-58.502730
-34.625863,-58.502653
-34.613917,-58.502649
-34.613917,-58.502649
-34.571928,-58.502635
-34.624055,-58.502460
-34.610518,-58.502456
-34.610518,-58.502456
-34.667194,-58.502450
-34.625592,-58.502448
-34.562756,-58.502431
-34.624129,-58.502427
-34.627112,-58.502367
-34.627112,-58.502367
-34.625575,-58.502332
-34.561451,-58.502320
-34.610395,-58.502251
-34.651219,-58.502226
-34.651219,-58.502226
-34.562181,-58.502186
-34.562181,-58.502186
-34.597577,-58.502133
-34.606709,-58.502086
-34.606709,-58.502086
-34.576728,-58.502060
-34.582204,-58.502001
-34.591948,-58.501948
-34.591948,-58.501948
-34.591948,-58.501948
-34.578647,-58.501900
-34.582004,-58.501827
-34.648791,-58.501788
-34.622776,-58.501774
-34.631275,-58.501766
-34.606506,-58.501744
-34.575043,-58.501707
-34.643755,-58.501689
-34.629221,-58.501638
-34.629181,-58.501591
-34.629167,-58.501576
-34.572862,-58.501553
-34.566845,-58.501493
-34.648620,-58.501396
-34.629192,-58.501394
-34.629192,-58.501394
-34.629192,-58.501394
-34.565992,-58.501394
-34.570647,-58.501363
-34.629155,-58.501340
-34.629155,-58.501340
-34.570777,-58.501258
-34.577587,-58.501174
-34.577587,-58.501174
-34.577587,-58.501174
-34.577587,-58.501174
-34.562753,-58.501173
-34.592026,-58.501135
-34.577756,-58.501131
-34.577756,-58.501131
-34.661872,-58.501109
-34.579613,-58.501093
-34.579613,-58.501093
-34.600759,-58.501037
-34.568421,-58.500981
-34.568421,-58.500981
-34.671094,-58.500928
-34.571222,-58.500903
-34.672473,-58.500874
-34.607067,-58.500820
-34.571356,-58.500794
-34.586711,-58.500743
-34.629731,-58.500688
-34.588938,-58.500681
-34.594346,-58.500648
-34.570868,-58.500647
-34.593986,-58.500600
-34.599440,-58.500589
-34.599440,-58.500589
-34.599440,-58.500589
-34.599440,-58.500589
-34.599440,-58.500589
-34.599581,-58.500586
-34.599581,-58.500586
-34.599581,-58.500586
-34.566994,-58.500582
-34.639674,-58.500575
-34.578962,-58.500574
-34.628330,-58.500554
-34.628330,-58.500554
-34.628330,-58.500554
-34.628330,-58.500554
-34.567053,-58.500535
-34.637478,-58.500493
-34.596564,-58.500491
-34.597218,-58.500453
-34.597218,-58.500453
-34.586202,-58.500426
-34.621934,-58.500424
-34.621934,-58.500424
-34.621934,-58.500424
-34.632894,-58.500417
-34.567241,-58.500382
-34.598816,-58.500297
-34.637653,-58.500295
-34.641609,-58.500208
-34.563371,-58.500169
-34.563371,-58.500169
-34.567525,-58.500152
-34.605136,-58.500076
-34.582734,-58.500046
-34.634306,-58.500045
-34.611534,-58.500019
-34.611534,-58.500019
-34.617768,-58.499979
-34.640103,-58.499910
-34.640103,-58.499910
-34.624870,-58.499852
-34.644587,-58.499802
-34.672028,-58.499795
-34.597981,-58.499762
-34.575525,-58.499734
-34.636113,-58.499674
-34.570438,-58.499673
-34.629416,-58.499662
-34.608848,-58.499643
-34.670736,-58.499632
-34.663112,-58.499579
-34.589254,-58.499481
-34.586952,-58.499463
-34.629178,-58.499401
-34.623187,-58.499332
-34.568602,-58.499280
-34.638202,-58.499271
-34.638202,-58.499271
-34.652502,-58.499218
-34.652502,-58.499218
-34.624570,-58.499161
-34.624570,-58.499161
-34.650977,-58.499075
-34.639273,-58.499071
-34.575030,-58.498982
-34.581974,-58.498955
-34.581974,-58.498955
-34.571484,-58.498915
-34.595458,-58.498834
-34.643355,-58.498806
-34.596566,-58.498783
-34.643409,-58.498738
-34.611538,-58.498677
-34.568475,-58.498635
-34.587669,-58.498631
-34.550754,-58.498595
-34.567497,-58.498569
-34.582407,-58.498564
-34.629975,-58.498520
-34.629975,-58.498520
-34.609118,-58.498503
-34.597268,-58.498474
-34.593665,-58.498447
-34.599702,-58.498444
-34.583861,-58.498430
-34.565303,-58.498352
-34.568301,-58.498320
-34.567824,-58.498303
-34.553126,-58.498287
-34.600484,-58.498227
-34.567986,-58.498172
-34.614128,-58.498161
-34.611561,-58.498119
-34.582248,-58.497951
-34.590460,-58.497941
-34.627904,-58.497939
-34.627904,-58.497939
-34.570257,-58.497939
-34.641088,-58.497903
-34.641088,-58.497903
-34.624436,-58.497874
-34.590989,-58.497869
-34.577594,-58.497851
-34.609958,-58.497822
-34.564547,-58.497773
-34.564547,-58.497773
-34.564547,-58.497773
-34.564442,-58.497748
-34.639053,-58.497734
-34.614079,-58.497725
-34.640985,-58.497695
-34.606357,-58.497663
-34.606357,-58.497663
-34.570475,-58.497657
-34.578252,-58.497563
-34.572735,-58.497498
-34.626524,-58.497463
-34.629852,-58.497457
-34.580607,-58.497435
-34.570576,-58.497364
-34.570576,-58.497364
-34.565085,-58.497339
-34.622491,-58.497272
-34.622491,-58.497272
-34.622491,-58.497272
-34.622491,-58.497272
-34.622491,-58.497272
-34.579183,-58.497268
-34.579183,-58.497268
-34.567156,-58.497268
-34.568152,-58.497243
-34.610607,-58.497178
-34.610607,-58.497178
-34.648549,-58.497161
-34.598973,-58.497155
-34.622324,-58.497079
-34.570427,-58.496923
-34.626181,-58.496886
-34.626181,-58.496886
-34.589935,-58.496828
-34.648339,-58.496743
-34.623500,-58.496733
-34.623500,-58.496733
-34.564446,-58.496708
-34.578928,-58.496699
-34.578928,-58.496699
-34.623447,-58.496624
-34.623447,-58.496624
-34.623447,-58.496624
-34.581518,-58.496619
-34.581518,-58.496619
-34.590589,-58.496605
-34.590589,-58.496605
-34.611692,-58.496544
-34.611692,-58.496544
-34.637573,-58.496497
-34.578782,-58.496462
-34.602073,-58.496384
-34.574332,-58.496349
-34.574332,-58.496349
-34.606861,-58.496294
-34.628335,-58.496287
-34.628335,-58.496287
-34.628335,-58.496287
-34.597475,-58.496236
-34.623027,-58.496193
-34.623027,-58.496193
-34.623186,-58.496155
-34.623186,-58.496155
-34.574475,-58.496098
-34.621379,-58.496030
-34.593022,-58.496024
-34.595287,-58.495987
-34.571490,-58.495977
-34.640272,-58.495962
-34.572882,-58.495952
-34.572882,-58.495952
-34.623041,-58.495930
-34.623041,-58.495930
-34.638303,-58.495913
-34.591522,-58.495761
-34.600607,-58.495727
-34.645437,-58.495683
-34.645437,-58.495683
-34.551354,-58.495658
-34.589659,-58.495655
-34.598958,-58.495454
-34.548223,-58.495389
-34.592259,-58.495381
-34.568095,-58.495262
-34.628398,-58.495219
-34.574805,-58.495218
-34.554892,-58.495149
-34.567933,-58.495130
-34.604278,-58.495112
-34.592061,-58.495062
-34.573778,-58.494985
-34.585292,-58.494985
-34.574542,-58.494960
-34.581860,-58.494872
-34.628079,-58.494861
-34.647838,-58.494780
-34.628348,-58.494741
-34.628348,-58.494741
-34.624886,-58.494703
-34.630947,-58.494702
-34.645322,-58.494645
-34.645322,-58.494645
-34.625007,-58.494621
-34.618486,-58.494619
-34.618486,-58.494619
-34.618486,-58.494619
-34.618486,-58.494619
-34.618486,-58.494619
-34.628436,-58.494605
-34.645010,-58.494506
-34.583973,-58.494497
-34.645149,-58.494480
-34.645565,-58.494464
-34.645565,-58.494464
-34.645565,-58.494464
-34.645565,-58.494464
-34.645565,-58.494464
-34.615226,-58.494445
-34.620207,-58.494425
-34.574494,-58.494408
-34.628939,-58.494379
-34.645557,-58.494347
-34.566749,-58.494314
-34.633457,-58.494313
-34.600191,-58.494302
-34.607111,-58.494282
-34.589100,-58.494280
-34.606422,-58.494266
-34.614278,-58.494256
-34.585249,-58.494228
-34.587331,-58.494225
-34.626756,-58.494224
-34.632047,-58.494147
-34.644217,-58.494115
-34.644217,-58.494115
-34.562394,-58.494102
-34.550505,-58.494051
-34.621365,-58.494037
-34.593730,-58.494035
-34.609242,-58.493995
-34.636770,-58.493914
-34.570247,-58.493800
-34.624574,-58.493718
-34.565297,-58.493681
-34.565297,-58.493681
-34.565297,-58.493681
-34.576000,-58.493649
-34.620475,-58.493641
-34.568944,-58.493615
-34.602559,-58.493572
-34.583353,-58.493494
-34.549118,-58.493290
-34.616310,-58.493239
-34.549548,-58.493205
-34.627647,-58.493202
-34.627647,-58.493202
-34.611655,-58.493165
-34.629005,-58.493086
-34.639092,-58.493030
-34.571196,-58.493025
-34.639162,-58.492992
-34.580718,-58.492989
-34.626217,-58.492961
-34.626217,-58.492961
-34.626217,-58.492961
-34.626217,-58.492961
-34.646768,-58.492937
-34.649096,-58.492885
-34.633323,-58.492878
-34.612228,-58.492845
-34.612228,-58.492845
-34.625627,-58.492800
-34.625627,-58.492800
-34.625627,-58.492800
-34.625627,-58.492800
-34.643772,-58.492794
-34.561754,-58.492757
-34.625787,-58.492716
-34.566774,-58.492662
-34.611227,-58.492650
-34.560286,-58.492564
-34.640203,-58.492522
-34.571109,-58.492503
-34.576442,-58.492496
-34.621587,-58.492377
-34.633518,-58.492327
-34.633518,-58.492327
-34.601899,-58.492296
-34.600163,-58.492273
-34.555839,-58.492255
-34.635360,-58.492231
-34.550055,-58.492218
-34.562708,-58.492163
-34.622027,-58.492137
-34.622027,-58.492137
-34.637148,-58.492037
-34.654980,-58.492033
-34.604276,-58.491987
-34.604276,-58.491987
-34.564872,-58.491980
-34.564872,-58.491980
-34.564872,-58.491980
-34.555851,-58.491962
-34.632982,-58.491943
-34.622525,-58.491937
-34.622525,-58.491937
-34.622525,-58.491937
-34.639013,-58.491888
-34.639013,-58.491888
-34.613290,-58.491834
-34.591124,-58.491832
-34.598909,-58.491773
-34.612557,-58.491771
-34.591168,-58.491760
-34.591168,-58.491760
-34.591168,-58.491760
-34.591168,-58.491760
-34.591168,-58.491760
-34.634165,-58.491643
-34.634165,-58.491643
-34.643969,-58.491591
-34.561960,-58.491536
-34.569125,-58.491517
-34.555558,-58.491486
-34.569089,-58.491448
-34.554760,-58.491354
-34.580748,-58.491348
-34.580748,-58.491348
-34.636952,-58.491324
-34.636952,-58.491324
-34.556520,-58.491320
-34.640179,-58.491317
-34.615300,-58.491307
-34.615300,-58.491307
-34.570664,-58.491295
-34.608484,-58.491295
-34.608484,-58.491295
-34.641252,-58.491260
-34.568953,-58.491194
-34.648152,-58.491174
-34.648152,-58.491174
-34.648152,-58.491174
-34.573547,-58.491172
-34.561431,-58.491169
-34.633960,-58.491167
-34.617849,-58.491153
-34.566619,-58.491124
-34.566619,-58.491124
-34.584080,-58.491044
-34.618074,-58.491036
-34.618074,-58.491036
-34.623325,-58.491009
-34.623325,-58.491009
-34.629183,-58.490909
-34.581453,-58.490899
-34.576321,-58.490896
-34.576321,-58.490896
-34.576321,-58.490896
-34.629871,-58.490868
-34.627848,-58.490767
-34.565488,-58.490745
-34.627401,-58.490686
-34.618223,-58.490685
-34.631521,-58.490637
-34.597997,-58.490609
-34.577496,-58.490589
-34.606895,-58.490589
-34.637951,-58.490558
-34.637951,-58.490558
-34.637951,-58.490558
-34.564284,-58.490528
-34.633319,-58.490526
-34.611937,-58.490500
-34.616619,-58.490488
-34.586989,-58.490479
-34.660183,-58.490424
-34.628889,-58.490306
-34.601928,-58.490261
-34.612264,-58.490240
-34.638626,-58.490192
-34.591710,-58.490151
-34.585740,-58.490126
-34.585740,-58.490126
-34.612420,-58.490033
-34.568062,-58.490011
-34.568062,-58.490011
-34.616286,-58.489972
-34.586167,-58.489972
-34.577054,-58.489961
-34.569582,-58.489956
-34.566511,-58.489955
-34.640275,-58.489952
-34.598110,-58.489882
-34.598110,-58.489882
-34.557106,-58.489825
-34.557106,-58.489825
-34.662578,-58.489816
-34.575697,-58.489808
-34.627436,-58.489806
-34.605676,-58.489800
-34.562549,-58.489741
-34.633655,-58.489714
-34.623605,-58.489709
-34.627392,-58.489698
-34.582171,-58.489682
-34.637076,-58.489660
-34.637076,-58.489660
-34.651914,-58.489653
-34.651914,-58.489653
-34.660538,-58.489587
-34.548933,-58.489580
-34.548933,-58.489580
-34.548933,-58.489580
-34.562940,-58.489468
-34.620945,-58.489468
-34.570796,-58.489422
-34.601927,-58.489421
-34.573063,-58.489375
-34.573063,-58.489375
-34.635707,-58.489273
-34.649464,-58.489267
-34.563408,-58.489253
-34.631054,-58.489225
-34.634753,-58.489210
-34.630850,-58.489119
-34.581854,-58.489107
-34.591756,-58.489104
-34.570331,-58.489064
-34.632745,-58.488983
-34.671388,-58.488973
-34.653470,-58.488966
-34.598917,-58.488965
-34.641020,-58.488953
-34.566130,-58.488933
-34.604404,-58.488924
-34.622338,-58.488909
-34.573656,-58.488899
-34.627154,-58.488889
-34.649837,-58.488888
-34.649837,-58.488888
-34.577057,-58.488865
-34.613832,-58.488815
-34.613832,-58.488815
-34.652578,-58.488804
-34.639746,-58.488793
-34.549125,-58.488763
-34.573837,-58.488754
-34.573837,-58.488754
-34.549158,-58.488735
-34.589376,-58.488728
-34.632963,-58.488713
-34.647280,-58.488708
-34.647280,-58.488708
-34.633720,-58.488681
-34.599713,-58.488642
-34.633888,-58.488605
-34.633888,-58.488605
-34.572250,-58.488593
-34.630542,-58.488542
-34.652848,-58.488458
-34.579780,-58.488404
-34.640435,-58.488392
-34.629285,-58.488316
-34.629285,-58.488316
-34.626812,-58.488284
-34.626812,-58.488284
-34.626812,-58.488284
-34.626812,-58.488284
-34.572062,-58.488249
-34.573087,-58.488177
-34.624933,-58.488174
-34.624933,-58.488174
-34.630016,-58.488152
-34.570386,-58.488143
-34.635432,-58.488133
-34.568178,-58.488113
-34.605523,-58.488109
-34.664558,-58.488107
-34.643417,-58.488100
-34.678929,-58.488038
-34.678929,-58.488038
-34.566377,-58.487989
-34.631384,-58.487960
-34.571760,-58.487917
-34.552419,-58.487914
-34.601198,-58.487892
-34.628047,-58.487882
-34.571011,-58.487828
-34.649653,-58.487824
-34.612387,-58.487773
-34.638131,-58.487768
-34.611833,-58.487759
-34.606575,-58.487731
-34.606575,-58.487731
-34.606575,-58.487731
-34.636672,-58.487714
-34.636672,-58.487714
-34.661119,-58.487708
-34.623064,-58.487638
-34.639442,-58.487610
-34.570507,-58.487604
-34.570507,-58.487604
-34.611749,-58.487596
-34.647246,-58.487557
-34.602993,-58.487413
-34.602993,-58.487413
-34.635873,-58.487387
-34.635873,-58.487387
-34.621048,-58.487383
-34.582476,-58.487368
-34.570362,-58.487340
-34.663919,-58.487248
-34.636419,-58.487231
-34.632749,-58.487212
-34.574839,-58.487208
-34.648273,-58.487205
-34.579935,-58.487182
-34.614130,-58.487146
-34.608777,-58.487138
-34.608777,-58.487138
-34.545590,-58.487121
-34.624966,-58.487049
-34.624966,-58.487049
-34.635153,-58.486977
-34.661631,-58.486926
-34.637830,-58.486885
-34.656537,-58.486885
-34.669689,-58.486867
-34.570183,-58.486797
-34.611390,-58.486718
-34.611390,-58.486718
-34.611390,-58.486718
-34.566193,-58.486656
-34.635069,-58.486631
-34.625275,-58.486629
-34.642191,-58.486611
-34.673636,-58.486609
-34.559936,-58.486529
-34.667428,-58.486519
-34.631416,-58.486505
-34.596923,-58.486463
-34.659443,-58.486440
-34.569867,-58.486434
-34.612542,-58.486404
-34.612542,-58.486404
-34.603558,-58.486402
-34.566608,-58.486391
-34.624712,-58.486379
-34.624712,-58.486379
-34.615864,-58.486379
-34.673496,-58.486325
-34.624767,-58.486311
-34.644780,-58.486249
-34.574582,-58.486211
-34.576120,-58.486200
-34.555639,-58.486190
-34.566280,-58.486178
-34.662252,-58.486129
-34.565366,-58.486112
-34.565366,-58.486112
-34.566240,-58.486099
-34.640093,-58.486078
-34.566309,-58.486069
-34.546980,-58.485933
-34.673070,-58.485931
-34.612403,-58.485911
-34.641290,-58.485903
-34.627707,-58.485870
-34.600156,-58.485826
-34.628644,-58.485794
-34.616802,-58.485776
-34.624955,-58.485727
-34.628070,-58.485703
-34.557455,-58.485684
-34.565858,-58.485658
-34.598340,-58.485631
-34.598340,-58.485631
-34.672367,-58.485589
-34.628532,-58.485587
-34.588297,-58.485586
-34.653364,-58.485568
-34.609334,-58.485538
-34.609334,-58.485538
-34.631628,-58.485518
-34.625867,-58.485517
-34.578716,-58.485481
-34.578716,-58.485481
-34.582289,-58.485451
-34.678299,-58.485426
-34.610306,-58.485412
-34.610306,-58.485412
-34.608818,-58.485400
-34.553569,-58.485397
-34.553569,-58.485397
-34.567302,-58.485397
-34.565953,-58.485380
-34.576272,-58.485369
-34.651231,-58.485343
-34.634548,-58.485314
-34.634548,-58.485314
-34.626022,-58.485314
-34.567216,-58.485234
-34.567995,-58.485233
-34.626235,-58.485232
-34.567784,-58.485223
-34.588153,-58.485152
-34.586971,-58.485122
-34.587067,-58.485117
-34.660897,-58.485104
-34.629660,-58.485060
-34.571272,-58.485039
-34.555413,-58.484989
-34.582740,-58.484988
-34.644338,-58.484972
-34.644338,-58.484972
-34.644338,-58.484972
-34.584636,-58.484954
-34.584636,-58.484954
-34.555247,-58.484918
-34.554302,-58.484907
-34.554302,-58.484907
-34.641099,-58.484897
-34.641099,-58.484897
-34.627230,-58.484783
-34.606642,-58.484767
-34.606642,-58.484767
-34.606642,-58.484767
-34.606642,-58.484767
-34.598829,-58.484742
-34.598829,-58.484742
-34.569147,-58.484712
-34.569147,-58.484712
-34.606716,-58.484693
-34.606716,-58.484693
-34.641082,-58.484662
-34.611966,-58.484556
-34.611966,-58.484556
-34.582702,-58.484486
-34.628005,-58.484427
-34.628005,-58.484427
-34.614523,-58.484413
-34.627862,-58.484399
-34.672903,-58.484358
-34.667319,-58.484321
-34.580240,-58.484299
-34.580240,-58.484299
-34.580240,-58.484299
-34.580240,-58.484299
-34.657279,-58.484293
-34.584185,-58.484235
-34.584185,-58.484235
-34.584185,-58.484235
-34.605507,-58.484216
-34.627236,-58.484198
-34.627236,-58.484198
-34.632607,-58.484148
-34.612879,-58.484133
-34.641002,-58.484123
-34.631718,-58.484100
-34.637998,-58.484041
-34.563789,-58.483987
-34.667280,-58.483975
-34.667280,-58.483975
-34.621152,-58.483966
-34.621152,-58.483966
-34.650926,-58.483881
-34.569363,-58.483821
-34.569363,-58.483821
-34.551705,-58.483784
-34.610688,-58.483781
-34.633014,-58.483744
-34.650303,-58.483694
-34.632995,-58.483579
-34.632637,-58.483573
-34.573995,-58.483567
-34.625060,-58.483556
-34.618281,-58.483538
-34.617772,-58.483496
-34.617772,-58.483496
-34.629531,-58.483468
-34.668167,-58.483424
-34.663211,-58.483388
-34.564310,-58.483358
-34.602306,-58.483345
-34.633272,-58.483203
-34.597947,-58.483149
-34.627622,-58.483069
-34.550847,-58.483006
-34.670342,-58.482949
-34.631465,-58.482827
-34.638002,-58.482816
-34.638002,-58.482816
-34.628059,-58.482773
-34.631673,-58.482733
-34.668178,-58.482700
-34.552156,-58.482697
-34.626869,-58.482697
-34.626869,-58.482697
-34.628496,-58.482665
-34.576579,-58.482627
-34.574691,-58.482602
-34.574981,-58.482593
-34.631998,-58.482582
-34.631998,-58.482582
-34.631998,-58.482582
-34.665900,-58.482534
-34.631979,-58.482494
-34.631979,-58.482494
-34.631979,-58.482494
-34.634075,-58.482490
-34.634075,-58.482490
-34.586632,-58.482460
-34.636455,-58.482412
-34.632402,-58.482395
-34.648170,-58.482390
-34.628896,-58.482385
-34.575161,-58.482383
-34.619090,-58.482382
-34.630391,-58.482382
-34.622439,-58.482357
-34.650474,-58.482329
-34.545102,-58.482320
-34.650418,-58.482264
-34.650418,-58.482264
-34.611887,-58.482235
-34.620878,-58.482190
-34.612824,-58.482185
-34.612824,-58.482185
-34.631435,-58.482090
-34.569734,-58.482089
-34.569734,-58.482089
-34.569734,-58.482089
-34.666722,-58.482037
-34.565573,-58.482003
-34.635234,-58.481995
-34.586256,-58.481962
-34.560856,-58.481947
-34.647361,-58.481945
-34.647361,-58.481945
-34.584946,-58.481909
-34.621822,-58.481904
-34.621822,-58.481904
-34.649938,-58.481885
-34.632433,-58.481853
-34.632433,-58.481853
-34.632433,-58.481853
-34.632433,-58.481853
-34.633624,-58.481830
-34.633624,-58.481830
-34.545625,-58.481818
-34.656074,-58.481813
-34.656074,-58.481813
-34.554296,-58.481809
-34.601983,-58.481806
-34.554192,-58.481785
-34.575860,-58.481659
-34.543076,-58.481621
-34.599748,-58.481600
-34.560668,-58.481598
-34.587851,-58.481597
-34.604519,-58.481569
-34.638266,-58.481543
-34.638254,-58.481516
-34.605050,-58.481494
-34.634728,-58.481487
-34.581254,-58.481482
-34.600079,-58.481472
-34.576027,-58.481410
-34.672598,-58.481409
-34.566994,-58.481369
-34.609390,-58.481329
-34.638334,-58.481256
-34.622493,-58.481203
-34.622493,-58.481203
-34.651408,-58.481146
-34.653397,-58.481128
-34.576249,-58.480940
-34.618913,-58.480916
-34.567892,-58.480909
-34.651508,-58.480895
-34.556228,-58.480818
-34.560963,-58.480739
-34.618126,-58.480716
-34.626348,-58.480669
-34.564860,-58.480635
-34.553136,-58.480604
-34.586160,-58.480573
-34.648951,-58.480562
-34.578208,-58.480541
-34.578208,-58.480541
-34.636517,-58.480535
-34.570065,-58.480506
-34.617061,-58.480501
-34.651819,-58.480500
-34.651819,-58.480500
-34.629576,-58.480490
-34.629576,-58.480490
-34.649573,-58.480475
-34.578552,-58.480468
-34.603665,-58.480452
-34.603665,-58.480452
-34.610372,-58.480409
-34.610372,-58.480409
-34.629983,-58.480402
-34.624510,-58.480393
-34.664246,-58.480280
-34.607324,-58.480274
-34.556592,-58.480067
-34.654790,-58.479929
-34.574762,-58.479921
-34.574762,-58.479921
-34.586717,-58.479885
-34.613547,-58.479847
-34.561941,-58.479833
-34.665890,-58.479817
-34.614885,-58.479781
-34.619140,-58.479730
-34.619024,-58.479725
-34.634785,-58.479662
-34.626003,-58.479652
-34.617558,-58.479628
-34.560538,-58.479618
-34.555315,-58.479560
-34.604008,-58.479485
-34.604008,-58.479485
-34.618188,-58.479457
-34.683201,-58.479372
-34.683201,-58.479372
-34.683201,-58.479372
-34.581351,-58.479366
-34.581351,-58.479366
-34.637452,-58.479330
-34.632191,-58.479301
-34.632191,-58.479301
-34.632191,-58.479301
-34.632191,-58.479301
-34.626956,-58.479297
-34.588752,-58.479205
-34.655695,-58.479183
-34.587689,-58.479141
-34.652137,-58.479109
-34.627044,-58.479065
-34.636323,-58.479035
-34.565576,-58.479023
-34.683475,-58.479010
-34.633239,-58.479002
-34.633239,-58.479002
-34.571630,-58.478999
-34.571630,-58.478999
-34.617983,-58.478921
-34.571867,-58.478899
-34.565624,-58.478817
-34.625780,-58.478795
-34.630904,-58.478780
-34.668181,-58.478624
-34.544926,-58.478531
-34.579904,-58.478464
-34.560516,-58.478443
-34.612971,-58.478337
-34.612971,-58.478337
-34.656225,-58.478212
-34.634525,-58.478206
-34.575616,-58.478191
-34.572569,-58.478167
-34.572569,-58.478167
-34.572569,-58.478167
-34.589625,-58.478163
-34.624419,-58.478162
-34.654533,-58.478142
-34.571049,-58.478111
-34.668508,-58.478081
-34.668508,-58.478081
-34.657004,-58.478064
-34.571246,-58.478044
-34.571246,-58.478044
-34.551882,-58.478038
-34.551882,-58.478038
-34.631227,-58.477971
-34.650453,-58.477954
-34.642921,-58.477945
-34.571372,-58.477932
-34.576274,-58.477886
-34.570478,-58.477851
-34.571777,-58.477830
-34.571368,-58.477829
-34.620968,-58.477790
-34.625510,-58.477759
-34.576223,-58.477714
-34.576223,-58.477714
-34.561397,-58.477699
-34.635429,-58.477682
-34.607133,-58.477671
-34.654316,-58.477583
-34.632650,-58.477552
-34.632650,-58.477552
-34.623030,-58.477551
-34.623030,-58.477551
-34.628246,-58.477471
-34.628246,-58.477471
-34.599246,-58.477427
-34.687482,-58.477403
-34.589575,-58.477383
-34.571998,-58.477378
-34.613500,-58.477369
-34.637601,-58.477349
-34.637601,-58.477349
-34.637601,-58.477349
-34.618916,-58.477336
-34.580172,-58.477328
-34.570407,-58.477295
-34.652898,-58.477282
-34.652898,-58.477282
-34.572780,-58.477231
-34.587222,-58.477231
-34.640346,-58.477198
-34.584100,-58.477158
-34.575613,-58.477117
-34.575613,-58.477117
-34.571316,-58.477051
-34.542588,-58.476951
-34.616183,-58.476848
-34.653779,-58.476827
-34.619577,-58.476812
-34.608270,-58.476755
-34.625290,-58.476601
-34.574504,-58.476566
-34.606101,-58.476559
-34.606101,-58.476559
-34.564052,-58.476513
-34.692655,-58.476483
-34.639021,-58.476388
-34.615884,-58.476284
-34.617210,-58.476282
-34.539762,-58.476235
-34.550830,-58.476211
-34.576290,-58.476178
-34.576290,-58.476178
-34.568592,-58.476157
-34.568592,-58.476157
-34.601311,-58.476149
-34.690711,-58.476128
-34.601157,-58.476113
-34.664916,-58.476091
-34.576197,-58.476017
-34.566983,-58.475978
-34.579541,-58.475949
-34.634569,-58.475945
-34.604774,-58.475925
-34.581641,-58.475878
-34.543815,-58.475856
-34.545073,-58.475839
-34.652145,-58.475838
-34.652145,-58.475838
-34.613884,-58.475764
-34.579539,-58.475760
-34.604216,-58.475719
-34.550899,-58.475653
-34.652242,-58.475617
-34.652242,-58.475617
-34.652242,-58.475617
-34.641130,-58.475596
-34.567340,-58.475575
-34.555565,-58.475534
-34.557443,-58.475507
-34.557443,-58.475507
-34.643919,-58.475498
-34.603171,-58.475442
-34.579397,-58.475414
-34.590994,-58.475387
-34.563359,-58.475371
-34.683832,-58.475342
-34.639521,-58.475265
-34.583523,-58.475209
-34.613883,-58.475209
-34.638282,-58.475181
-34.590704,-58.475147
-34.631011,-58.475144
-34.567744,-58.475055
-34.567744,-58.475055
-34.651702,-58.475050
-34.629620,-58.475035
-34.576248,-58.475018
-34.576248,-58.475018
-34.680907,-58.475014
-34.680907,-58.475014
-34.625981,-58.475014
-34.551791,-58.474971
-34.635574,-58.474955
-34.635574,-58.474955
-34.554672,-58.474938
-34.554672,-58.474938
-34.554672,-58.474938
-34.677976,-58.474902
-34.617510,-58.474862
-34.543776,-58.474853
-34.577438,-58.474824
-34.544700,-58.474730
-34.566583,-58.474728
-34.567507,-58.474655
-34.567507,-58.474655
-34.651160,-58.474607
-34.583110,-58.474539
-34.670553,-58.474466
-34.615519,-58.474461
-34.615519,-58.474461
-34.616887,-58.474400
-34.660358,-58.474380
-34.562747,-58.474361
-34.643190,-58.474295
-34.661575,-58.474288
-34.661575,-58.474288
-34.543556,-58.474202
-34.543556,-58.474202
-34.577449,-58.474193
-34.541989,-58.474147
-34.581234,-58.474107
-34.552821,-58.474076
-34.552273,-58.474059
-34.552273,-58.474059
-34.683479,-58.473988
-34.683479,-58.473988
-34.683479,-58.473988
-34.552229,-58.473979
-34.606000,-58.473955
-34.602160,-58.473949
-34.589836,-58.473902
-34.604465,-58.473900
-34.684401,-58.473888
-34.577408,-58.473881
-34.549894,-58.473879
-34.567629,-58.473862
-34.581086,-58.473842
-34.616301,-58.473836
-34.564570,-58.473833
-34.637413,-58.473826
-34.604420,-58.473772
-34.647857,-58.473753
-34.639749,-58.473737
-34.558027,-58.473730
-34.558027,-58.473730
-34.553466,-58.473695
-34.613069,-58.473673
-34.681948,-58.473661
-34.650361,-58.473623
-34.672122,-58.473597
-34.614561,-58.473567
-34.626173,-58.473530
-34.580913,-58.473529
-34.552142,-58.473477
-34.608059,-58.473455
-34.608059,-58.473455
-34.543294,-58.473418
-34.543294,-58.473418
-34.543294,-58.473418
-34.602730,-58.473418
-34.634614,-58.473412
-34.634614,-58.473412
-34.544315,-58.473390
-34.553775,-58.473351
-34.574623,-58.473334
-34.683983,-58.473332
-34.647513,-58.473302
-34.636217,-58.473258
-34.569009,-58.473214
-34.569009,-58.473214
-34.569009,-58.473214
-34.569009,-58.473214
-34.569009,-58.473214
-34.552504,-58.473201
-34.610491,-58.473169
-34.610491,-58.473169
-34.681307,-58.473100
-34.571680,-58.473086
-34.610775,-58.473053
-34.551186,-58.472978
-34.675186,-58.472882
-34.675186,-58.472882
-34.684385,-58.472878
-34.623288,-58.472849
-34.692036,-58.472845
-34.565704,-58.472827
-34.584676,-58.472797
-34.677665,-58.472792
-34.677665,-58.472792
-34.677665,-58.472792
-34.600161,-58.472783
-34.684508,-58.472780
-34.681484,-58.472774
-34.578537,-58.472771
-34.633161,-58.472754
-34.565829,-58.472715
-34.652248,-58.472707
-34.553154,-58.472705
-34.633690,-58.472679
-34.620360,-58.472668
-34.620360,-58.472668
-34.620360,-58.472668
-34.611099,-58.472616
-34.681702,-58.472589
-34.633897,-58.472586
-34.570936,-58.472559
-34.567521,-58.472548
-34.546804,-58.472449
-34.638225,-58.472434
-34.638225,-58.472434
-34.668513,-58.472413
-34.616600,-58.472405
-34.555174,-58.472383
-34.555174,-58.472383
-34.551860,-58.472345
-34.668547,-58.472333
-34.668547,-58.472333
-34.566010,-58.472310
-34.680846,-58.472308
-34.651485,-58.472300
-34.621326,-58.472251
-34.689975,-58.472234
-34.552053,-58.472202
-34.552053,-58.472202
-34.569899,-58.472173
-34.589652,-58.472139
-34.610731,-58.472131
-34.614989,-58.472089
-34.538230,-58.472044
-34.566947,-58.472037
-34.582849,-58.472017
-34.553746,-58.472011
-34.553746,-58.472011
-34.583968,-58.472003
-34.552501,-58.471997
-34.555532,-58.471996
-34.573465,-58.471989
-34.573465,-58.471989
-34.570038,-58.471940
-34.570038,-58.471940
-34.561537,-58.471908
-34.565574,-58.471885
-34.635544,-58.471863
-34.565936,-58.471843
-34.553693,-58.471757
-34.539485,-58.471748
-34.675036,-58.471679
-34.538691,-58.471598
-34.538691,-58.471598
-34.668580,-58.471591
-34.668580,-58.471591
-34.547675,-58.471551
-34.556262,-58.471534
-34.556262,-58.471534
-34.569413,-58.471348
-34.667403,-58.471321
-34.539299,-58.471249
-34.544770,-58.471223
-34.565467,-58.471219
-34.626160,-58.471179
-34.626160,-58.471179
-34.560132,-58.471111
-34.560132,-58.471111
-34.569505,-58.471057
-34.569505,-58.471057
-34.569232,-58.471040
-34.563569,-58.471033
-34.554208,-58.471013
-34.565872,-58.471010
-34.556955,-58.471002
-34.565285,-58.470930
-34.578973,-58.470913
-34.553128,-58.470890
-34.553128,-58.470890
-34.567744,-58.470877
-34.567744,-58.470877
-34.679822,-58.470851
-34.590214,-58.470850
-34.588451,-58.470849
-34.578747,-58.470828
-34.550849,-58.470817
-34.640658,-58.470753
-34.569037,-58.470709
-34.645010,-58.470691
-34.668878,-58.470651
-34.613771,-58.470624
-34.681728,-58.470600
-34.567574,-58.470597
-34.617145,-58.470553
-34.631058,-58.470531
-34.605336,-58.470528
-34.575951,-58.470505
-34.556864,-58.470460
-34.587873,-58.470439
-34.573304,-58.470433
-34.573304,-58.470433
-34.594997,-58.470389
-34.594997,-58.470389
-34.594997,-58.470389
-34.641930,-58.470365
-34.563606,-58.470310
-34.630986,-58.470268
-34.572758,-58.470260
-34.541858,-58.470235
-34.602877,-58.470220
-34.673208,-58.470192
-34.647412,-58.470160
-34.580452,-58.470133
-34.668395,-58.470080
-34.668395,-58.470080
-34.624585,-58.470077
-34.636537,-58.470071
-34.601505,-58.470016
-34.630169,-58.469992
-34.630169,-58.469992
-34.568936,-58.469987
-34.567373,-58.469927
-34.555055,-58.469680
-34.613095,-58.469669
-34.662628,-58.469643
-34.573736,-58.469638
-34.550684,-58.469626
-34.626908,-58.469599
-34.543315,-58.469556
-34.546461,-58.469524
-34.643294,-58.469442
-34.647927,-58.469415
-34.555597,-58.469350
-34.543601,-58.469345
-34.553296,-58.469341
-34.553296,-58.469341
-34.553296,-58.469341
-34.615429,-58.469337
-34.605344,-58.469332
-34.565333,-58.469324
-34.635535,-58.469263
-34.615553,-58.469241
-34.643234,-58.469206
-34.551252,-58.469191
-34.605190,-58.469163
-34.563205,-58.469087
-34.570047,-58.469034
-34.621654,-58.468987
-34.602707,-58.468934
-34.602707,-58.468934
-34.566567,-58.468930
-34.632037,-58.468929
-34.548317,-58.468918
-34.538043,-58.468913
-34.556062,-58.468912
-34.556062,-58.468912
-34.557734,-58.468892
-34.551651,-58.468886
-34.551651,-58.468886
-34.559868,-58.468840
-34.601105,-58.468723
-34.566434,-58.468709
-34.566434,-58.468709
-34.562299,-58.468667
-34.602981,-58.468620
-34.626296,-58.468579
-34.590202,-58.468568
-34.552073,-58.468565
-34.577200,-58.468538
-34.616607,-58.468526
-34.616607,-58.468526
-34.642047,-58.468506
-34.546588,-58.468447
-34.599103,-58.468340
-34.599103,-58.468340
-34.577590,-58.468316
-34.576450,-58.468316
-34.576450,-58.468316
-34.551071,-58.468213
-34.683821,-58.468196
-34.564659,-58.468188
-34.555589,-58.468178
-34.610128,-58.468150
-34.611573,-58.468120
-34.611979,-58.468093
-34.611979,-58.468093
-34.610097,-58.468093
-34.560075,-58.468079
-34.556986,-58.468048
-34.559531,-58.467996
-34.558782,-58.467846
-34.604203,-58.467799
-34.553077,-58.467796
-34.617096,-58.467783
-34.564643,-58.467711
-34.617254,-58.467703
-34.573488,-58.467693
-34.546584,-58.467685
-34.687557,-58.467641
-34.566534,-58.467624
-34.566985,-58.467571
-34.552014,-58.467493
-34.592839,-58.467462
-34.620347,-58.467448
-34.619804,-58.467423
-34.556014,-58.467379
-34.559160,-58.467298
-34.635351,-58.467220
-34.580603,-58.467155
-34.580603,-58.467155
-34.575788,-58.467152
-34.602190,-58.467142
-34.604402,-58.467134
-34.634129,-58.467054
-34.634129,-58.467054
-34.619457,-58.466943
-34.572128,-58.466857
-34.546102,-58.466855
-34.572085,-58.466783
-34.572085,-58.466783
-34.552056,-58.466742
-34.572049,-58.466722
-34.572049,-58.466722
-34.540491,-58.466721
-34.540491,-58.466721
-34.624941,-58.466716
-34.556195,-58.466663
-34.603239,-58.466642
-34.634141,-58.466599
-34.634141,-58.466599
-34.648312,-58.466575
-34.612061,-58.466552
-34.550758,-58.466548
-34.575925,-58.466517
-34.645529,-58.466511
-34.616735,-58.466504
-34.587995,-58.466473
-34.545890,-58.466457
-34.592790,-58.466395
-34.592790,-58.466395
-34.598930,-58.466359
-34.600297,-58.466281
-34.600297,-58.466281
-34.624226,-58.466262
-34.557286,-58.466247
-34.557286,-58.466247
-34.571885,-58.466181
-34.605355,-58.466169
-34.605355,-58.466169
-34.605314,-58.466074
-34.605314,-58.466074
-34.605314,-58.466074
-34.598807,-58.465995
-34.598807,-58.465995
-34.598807,-58.465995
-34.598807,-58.465995
-34.578102,-58.465907
-34.578102,-58.465907
-34.685947,-58.465902
-34.564577,-58.465867
-34.564577,-58.465867
-34.599984,-58.465850
-34.552136,-58.465822
-34.552136,-58.465822
-34.681838,-58.465808
-34.640147,-58.465783
-34.640147,-58.465783
-34.640147,-58.465783
-34.563286,-58.465757
-34.563286,-58.465757
-34.544552,-58.465738
-34.610428,-58.465735
-34.610428,-58.465735
-34.555696,-58.465732
-34.555696,-58.465732
-34.555696,-58.465732
-34.555696,-58.465732
-34.549901,-58.465689
-34.555651,-58.465646
-34.555651,-58.465646
-34.576456,-58.465550
-34.548619,-58.465550
-34.609662,-58.465536
-34.612058,-58.465530
-34.576197,-58.465527
-34.563557,-58.465526
-34.552027,-58.465519
-34.558280,-58.465502
-34.558068,-58.465486
-34.639938,-58.465445
-34.544458,-58.465383
-34.544458,-58.465383
-34.544458,-58.465383
-34.544458,-58.465383
-34.544458,-58.465383
-34.544458,-58.465383
-34.544458,-58.465383
-34.544458,-58.465383
-34.544458,-58.465383
-34.544458,-58.465383
-34.544458,-58.465383
-34.544458,-58.465383
-34.544458,-58.465383
-34.544458,-58.465383
-34.544458,-58.465383
-34.569244,-58.465286
-34.569244,-58.465286
-34.538693,-58.465232
-34.549228,-58.465213
-34.549114,-58.465184
-34.550890,-58.465171
-34.612850,-58.465157
-34.637442,-58.465105
-34.555361,-58.465101
-34.558640,-58.465082
-34.562754,-58.464982
-34.630780,-58.464975
-34.630780,-58.464975
-34.552755,-58.464928
-34.611274,-58.464848
-34.557515,-58.464795
-34.690815,-58.464706
-34.690846,-58.464666
-34.690846,-58.464666
-34.580489,-58.464666
-34.599057,-58.464646
-34.635361,-58.464587
-34.635110,-58.464572
-34.614932,-58.464559
-34.628403,-58.464540
-34.601679,-58.464526
-34.628048,-58.464520
-34.570130,-58.464510
-34.609610,-58.464387
-34.540086,-58.464370
-34.600307,-58.464351
-34.547088,-58.464308
-34.617733,-58.464304
-34.550463,-58.464304
-34.547074,-58.464287
-34.602458,-58.464242
-34.602458,-58.464242
-34.602458,-58.464242
-34.555561,-58.464238
-34.552174,-58.464228
-34.602723,-58.464228
-34.602312,-58.464196
-34.611421,-58.464171
-34.611421,-58.464171
-34.559600,-58.464162
-34.559600,-58.464162
-34.607949,-58.464127
-34.552273,-58.464080
-34.554807,-58.464055
-34.683146,-58.464045
-34.633122,-58.463935
-34.601672,-58.463900
-34.619869,-58.463865
-34.619869,-58.463865
-34.625183,-58.463847
-34.565407,-58.463799
-34.635654,-58.463789
-34.625167,-58.463789
-34.618846,-58.463767
-34.603252,-58.463755
-34.645718,-58.463753
-34.645718,-58.463753
-34.645718,-58.463753
-34.639755,-58.463723
-34.639752,-58.463721
-34.570398,-58.463618
-34.558775,-58.463609
-34.558775,-58.463609
-34.558775,-58.463609
-34.571393,-58.463576
-34.627689,-58.463491
-34.641417,-58.463464
-34.641417,-58.463464
-34.623266,-58.463435
-34.606051,-58.463434
-34.630954,-58.463358
-34.560260,-58.463351
-34.560260,-58.463351
-34.603987,-58.463232
-34.553474,-58.463150
-34.564409,-58.463141
-34.551799,-58.463126
-34.561056,-58.463110
-34.565875,-58.463096
-34.575351,-58.463089
-34.566241,-58.463079
-34.566241,-58.463079
-34.553572,-58.463076
-34.564625,-58.463030
-34.686485,-58.463017
-34.610008,-58.462993
-34.557814,-58.462991
-34.554195,-58.462886
-34.554195,-58.462886
-34.628313,-58.462874
-34.610236,-58.462755
-34.561451,-58.462661
-34.551558,-58.462640
-34.555644,-58.462603
-34.602140,-58.462597
-34.602140,-58.462597
-34.555287,-58.462495
-34.599595,-58.462470
-34.558555,-58.462440
-34.614015,-58.462416
-34.566869,-58.462392
-34.566869,-58.462392
-34.551209,-58.462364
-34.601569,-58.462299
-34.601407,-58.462247
-34.557232,-58.462230
-34.561956,-58.462225
-34.561047,-58.462098
-34.621901,-58.462086
-34.605631,-58.462076
-34.625876,-58.462035
-34.625876,-58.462035
-34.557388,-58.462016
-34.565801,-58.462009
-34.555238,-58.461962
-34.553512,-58.461961
-34.612018,-58.461939
-34.612018,-58.461939
-34.565893,-58.461929
-34.687649,-58.461883
-34.575829,-58.461849
-34.638334,-58.461846
-34.560964,-58.461842
-34.565880,-58.461827
-34.612244,-58.461822
-34.612244,-58.461822
-34.620793,-58.461714
-34.615465,-58.461600
-34.636688,-58.461532
-34.583983,-58.461393
-34.566257,-58.461360
-34.632304,-58.461243
-34.632304,-58.461243
-34.649073,-58.461234
-34.598052,-58.461204
-34.598052,-58.461204
-34.644803,-58.461173
-34.576535,-58.461152
-34.576188,-58.461137
-34.612068,-58.461098
-34.612068,-58.461098
-34.547597,-58.461097
-34.557310,-58.461015
-34.552248,-58.460938
-34.552248,-58.460938
-34.558768,-58.460916
-34.620825,-58.460857
-34.649396,-58.460824
-34.629121,-58.460823
-34.582431,-58.460610
-34.607563,-58.460581
-34.562486,-58.460532
-34.562486,-58.460532
-34.570311,-58.460492
-34.549311,-58.460464
-34.582226,-58.460457
-34.582226,-58.460457
-34.582381,-58.460457
-34.582381,-58.460457
-34.579479,-58.460453
-34.579479,-58.460453
-34.551019,-58.460298
-34.619108,-58.460110
-34.565514,-58.460089
-34.629362,-58.460036
-34.563936,-58.459986
-34.619378,-58.459880
-34.578587,-58.459845
-34.561105,-58.459816
-34.574947,-58.459770
-34.631497,-58.459685
-34.574270,-58.459646
-34.603059,-58.459636
-34.602449,-58.459463
-34.605469,-58.459399
-34.562290,-58.459352
-34.600260,-58.459326
-34.558783,-58.459323
-34.571626,-58.459293
-34.571626,-58.459293
-34.571349,-58.459276
-34.571349,-58.459276
-34.604896,-58.459257
-34.636049,-58.459195
-34.641543,-58.459149
-34.641543,-58.459149
-34.651973,-58.459136
-34.555783,-58.459116
-34.555783,-58.459116
-34.559030,-58.459107
-34.565601,-58.459084
-34.601536,-58.458922
-34.606192,-58.458890
-34.596858,-58.458877
-34.559390,-58.458796
-34.633660,-58.458650
-34.601521,-58.458640
-34.625732,-58.458616
-34.604707,-58.458575
-34.558826,-58.458495
-34.571293,-58.458474
-34.604596,-58.458469
-34.571519,-58.458428
-34.571519,-58.458428
-34.571519,-58.458428
-34.563265,-58.458407
-34.604713,-58.458385
-34.604713,-58.458385
-34.558835,-58.458361
-34.579738,-58.458335
-34.644610,-58.458328
-34.603869,-58.458317
-34.603867,-58.458314
-34.604513,-58.458303
-34.635179,-58.458277
-34.560019,-58.458254
-34.575815,-58.458247
-34.619194,-58.458210
-34.619194,-58.458210
-34.550279,-58.458131
-34.564294,-58.458016
-34.572334,-58.457875
-34.550142,-58.457870
-34.568576,-58.457857
-34.568576,-58.457857
-34.550006,-58.457771
-34.566842,-58.457706
-34.555929,-58.457639
-34.611673,-58.457597
-34.611673,-58.457597
-34.611673,-58.457597
-34.571123,-58.457593
-34.640349,-58.457567
-34.608146,-58.457512
-34.603159,-58.457376
-34.604715,-58.457272
-34.626793,-58.457229
-34.603966,-58.457217
-34.618942,-58.457182
-34.625973,-58.457078
-34.582138,-58.457067
-34.626075,-58.457007
-34.556604,-58.456972
-34.556604,-58.456972
-34.648997,-58.456789
-34.581073,-58.456770
-34.581073,-58.456770
-34.627407,-58.456254
-34.627407,-58.456254
-34.578737,-58.456249
-34.575394,-58.456249
-34.570763,-58.456225
-34.641622,-58.456186
-34.637156,-58.456163
-34.581165,-58.456134
-34.581165,-58.456134
-34.576911,-58.456121
-34.647026,-58.456119
-34.605022,-58.456092
-34.605022,-58.456092
-34.557888,-58.456049
-34.635440,-58.456013
-34.635440,-58.456013
-34.559581,-58.455960
-34.580275,-58.455857
-34.580275,-58.455857
-34.568989,-58.455788
-34.601426,-58.455767
-34.640857,-58.455750
-34.619504,-58.455675
-34.578331,-58.455609
-34.578331,-58.455609
-34.578331,-58.455609
-34.593055,-58.455554
-34.593055,-58.455554
-34.548367,-58.455546
-34.572273,-58.455472
-34.572981,-58.455466
-34.572981,-58.455466
-34.572981,-58.455466
-34.572981,-58.455466
-34.553046,-58.455370
-34.553046,-58.455370
-34.553046,-58.455370
-34.570998,-58.455357
-34.605408,-58.455267
-34.579764,-58.455239
-34.580479,-58.455223
-34.631827,-58.455142
-34.631827,-58.455142
-34.608160,-58.455133
-34.605443,-58.455131
-34.597005,-58.455092
-34.607065,-58.455070
-34.576975,-58.455043
-34.558169,-58.455027
-34.566436,-58.454939
-34.570685,-58.454902
-34.570685,-58.454902
-34.634038,-58.454899
-34.634038,-58.454899
-34.620694,-58.454886
-34.575268,-58.454858
-34.603320,-58.454837
-34.566493,-58.454835
-34.635045,-58.454730
-34.595123,-58.454708
-34.573556,-58.454704
-34.573556,-58.454704
-34.597182,-58.454703
-34.608910,-58.454697
-34.608910,-58.454697
-34.602383,-58.454681
-34.578704,-58.454624
-34.586391,-58.454624
-34.601688,-58.454563
-34.578417,-58.454469
-34.640013,-58.454402
-34.640013,-58.454402
-34.640124,-58.454367
-34.578187,-58.454345
-34.612561,-58.454250
-34.567247,-58.454196
-34.567247,-58.454196
-34.567247,-58.454196
-34.634545,-58.454157
-34.610407,-58.454147
-34.610407,-58.454147
-34.563532,-58.453945
-34.592050,-58.453818
-34.578271,-58.453777
-34.578271,-58.453777
-34.578271,-58.453777
-34.613226,-58.453768
-34.613226,-58.453768
-34.569236,-58.453743
-34.638000,-58.453720
-34.587140,-58.453653
-34.587140,-58.453653
-34.633612,-58.453554
-34.573669,-58.453476
-34.639710,-58.453431
-34.639710,-58.453431
-34.600549,-58.453415
-34.644223,-58.453382
-34.581865,-58.453255
-34.584021,-58.453094
-34.584021,-58.453094
-34.605811,-58.453031
-34.551735,-58.452989
-34.607957,-58.452962
-34.627824,-58.452873
-34.548826,-58.452872
-34.604463,-58.452768
-34.620071,-58.452761
-34.635190,-58.452673
-34.610267,-58.452666
-34.595727,-58.452591
-34.610311,-58.452488
-34.598878,-58.452487
-34.598878,-58.452487
-34.560880,-58.452392
-34.560880,-58.452392
-34.560880,-58.452392
-34.629649,-58.452379
-34.595570,-58.452371
-34.584979,-58.452368
-34.576645,-58.452365
-34.644894,-58.452239
-34.604614,-58.452225
-34.678497,-58.452136
-34.566809,-58.452102
-34.613696,-58.452081
-34.613696,-58.452081
-34.601252,-58.452079
-34.605314,-58.451988
-34.593349,-58.451927
-34.615831,-58.451923
-34.577883,-58.451911
-34.548624,-58.451875
-34.548624,-58.451875
-34.616249,-58.451781
-34.613659,-58.451662
-34.601205,-58.451602
-34.565760,-58.451584
-34.615548,-58.451462
-34.560362,-58.451371
-34.614153,-58.451314
-34.618120,-58.451268
-34.583013,-58.451143
-34.558628,-58.451061
-34.558628,-58.451061
-34.608212,-58.450907
-34.608212,-58.450907
-34.626955,-58.450841
-34.548598,-58.450816
-34.562861,-58.450755
-34.629226,-58.450716
-34.629226,-58.450716
-34.583219,-58.450694
-34.583219,-58.450694
-34.583219,-58.450694
-34.627936,-58.450562
-34.611291,-58.450549
-34.566037,-58.450534
-34.583856,-58.450498
-34.627813,-58.450489
-34.579945,-58.450482
-34.572742,-58.450461
-34.644846,-58.450449
-34.564286,-58.450425
-34.564286,-58.450425
-34.566425,-58.450421
-34.639582,-58.450416
-34.639582,-58.450416
-34.579438,-58.450407
-34.577572,-58.450382
-34.630678,-58.450343
-34.584605,-58.450268
-34.605031,-58.450184
-34.633692,-58.450172
-34.637009,-58.450162
-34.634866,-58.450157
-34.624010,-58.450144
-34.586394,-58.450115
-34.586394,-58.450115
-34.586394,-58.450115
-34.599628,-58.450112
-34.600349,-58.450110
-34.600349,-58.450110
-34.593722,-58.450106
-34.549922,-58.450060
-34.635477,-58.449953
-34.626547,-58.449949
-34.552158,-58.449941
-34.569280,-58.449809
-34.629391,-58.449736
-34.575967,-58.449734
-34.569458,-58.449697
-34.615069,-58.449673
-34.547640,-58.449663
-34.615755,-58.449584
-34.640267,-58.449512
-34.642515,-58.449472
-34.660608,-58.449419
-34.553512,-58.449402
-34.600878,-58.449283
-34.561968,-58.449246
-34.601766,-58.449207
-34.574215,-58.449128
-34.601688,-58.449126
-34.570764,-58.449113
-34.607111,-58.448957
-34.607111,-58.448957
-34.576746,-58.448860
-34.578737,-58.448816
-34.578942,-58.448806
-34.638293,-58.448773
-34.638278,-58.448757
-34.608607,-58.448643
-34.605099,-58.448600
-34.573715,-58.448542
-34.612030,-58.448455
-34.612030,-58.448455
-34.617024,-58.448344
-34.584163,-58.448317
-34.548277,-58.448304
-34.623264,-58.448279
-34.584871,-58.448245
-34.577628,-58.448172
-34.615845,-58.448164
-34.604618,-58.448098
-34.604618,-58.448098
-34.602962,-58.448020
-34.606419,-58.447880
-34.589101,-58.447779
-34.625400,-58.447734
-34.607336,-58.447703
-34.586240,-58.447555
-34.548415,-58.447553
-34.607388,-58.447494
-34.607388,-58.447494
-34.607388,-58.447494
-34.607388,-58.447494
-34.613733,-58.447468
-34.627648,-58.447459
-34.584548,-58.447422
-34.584548,-58.447422
-34.573509,-58.447411
-34.573509,-58.447411
-34.582531,-58.447363
-34.624112,-58.447356
-34.580054,-58.447354
-34.580054,-58.447354
-34.564955,-58.447350
-34.584584,-58.447338
-34.597522,-58.447291
-34.567250,-58.447176
-34.602296,-58.447156
-34.589511,-58.447125
-34.589511,-58.447125
-34.569949,-58.447046
-34.576670,-58.447018
-34.602481,-58.446984
-34.602481,-58.446984
-34.606407,-58.446968
-34.598290,-58.446911
-34.602561,-58.446909
-34.568618,-58.446883
-34.575378,-58.446867
-34.575378,-58.446867
-34.575378,-58.446867
-34.575378,-58.446867
-34.573463,-58.446790
-34.573463,-58.446790
-34.560495,-58.446762
-34.606154,-58.446745
-34.621380,-58.446720
-34.551778,-58.446628
-34.617986,-58.446590
-34.556036,-58.446533
-34.612774,-58.446502
-34.573918,-58.446441
-34.600768,-58.446397
-34.609738,-58.446302
-34.621187,-58.446293
-34.598333,-58.446241
-34.557306,-58.446221
-34.606901,-58.446176
-34.620146,-58.446094
-34.597479,-58.446080
-34.616007,-58.446055
-34.567654,-58.446038
-34.567935,-58.445982
-34.567717,-58.445947
-34.574173,-58.445917
-34.574173,-58.445917
-34.599095,-58.445868
-34.616561,-58.445856
-34.582818,-58.445843
-34.572849,-58.445792
-34.582580,-58.445778
-34.555547,-58.445706
-34.555547,-58.445706
-34.630829,-58.445688
-34.578536,-58.445624
-34.620900,-58.445606
-34.572995,-58.445569
-34.632225,-58.445564
-34.617685,-58.445482
-34.588492,-58.445482
-34.617685,-58.445482
-34.555375,-58.445414
-34.632174,-58.445406
-34.595375,-58.445392
-34.595375,-58.445392
-34.613836,-58.445360
-34.615220,-58.445346
-34.613863,-58.445344
-34.589275,-58.445338
-34.589275,-58.445338
-34.597551,-58.445338
-34.572018,-58.445285
-34.572882,-58.445248
-34.627974,-58.445225
-34.627974,-58.445225
-34.577361,-58.445122
-34.577361,-58.445122
-34.611773,-58.445074
-34.611773,-58.445074
-34.572338,-58.445052
-34.640180,-58.445042
-34.662920,-58.445014
-34.662920,-58.445014
-34.662920,-58.445014
-34.628565,-58.444972
-34.556548,-58.444953
-34.556548,-58.444953
-34.573342,-58.444854
-34.628866,-58.444844
-34.554185,-58.444829
-34.554185,-58.444829
-34.603111,-58.444819
-34.558370,-58.444727
-34.586573,-58.444617
-34.556330,-58.444589
-34.663888,-58.444544
-34.592330,-58.444489
-34.626198,-58.444428
-34.626376,-58.444404
-34.626376,-58.444404
-34.626376,-58.444404
-34.626376,-58.444404
-34.626376,-58.444404
-34.626376,-58.444404
-34.626376,-58.444404
-34.604768,-58.444382
-34.588998,-58.444364
-34.594888,-58.444301
-34.575211,-58.444290
-34.560222,-58.444237
-34.562461,-58.444220
-34.562461,-58.444220
-34.600332,-58.444191
-34.603403,-58.444121
-34.603403,-58.444121
-34.553199,-58.444078
-34.617840,-58.443942
-34.595268,-58.443891
-34.587115,-58.443853
-34.587115,-58.443853
-34.586590,-58.443817
-34.593088,-58.443809
-34.620557,-58.443795
-34.620557,-58.443795
-34.603145,-58.443740
-34.603145,-58.443740
-34.603093,-58.443663
-34.613878,-58.443615
-34.599119,-58.443613
-34.585598,-58.443607
-34.608721,-58.443600
-34.598996,-58.443577
-34.608482,-58.443497
-34.608482,-58.443497
-34.624524,-58.443450
-34.610064,-58.443445
-34.624874,-58.443415
-34.657225,-58.443357
-34.595766,-58.443356
-34.562075,-58.443339
-34.626090,-58.443337
-34.626090,-58.443337
-34.568211,-58.443296
-34.660468,-58.443248
-34.599321,-58.443218
-34.554040,-58.443170
-34.554040,-58.443170
-34.554040,-58.443170
-34.583254,-58.443147
-34.664913,-58.443050
-34.660629,-58.443044
-34.596062,-58.443037
-34.596062,-58.443037
-34.608517,-58.443035
-34.563924,-58.443021
-34.615883,-58.443011
-34.615883,-58.443011
-34.613631,-58.442989
-34.593495,-58.442963
-34.556546,-58.442806
-34.566374,-58.442753
-34.607500,-58.442739
-34.607500,-58.442739
-34.591860,-58.442735
-34.596113,-58.442715
-34.664513,-58.442582
-34.562514,-58.442521
-34.622745,-58.442519
-34.571029,-58.442478
-34.611357,-58.442457
-34.587566,-58.442419
-34.573784,-58.442408
-34.598346,-58.442380
-34.598346,-58.442380
-34.598346,-58.442380
-34.598346,-58.442380
-34.598346,-58.442380
-34.620810,-58.442377
-34.573660,-58.442367
-34.600271,-58.442335
-34.610607,-58.442302
-34.610607,-58.442302
-34.596269,-58.442298
-34.596269,-58.442298
-34.589042,-58.442292
-34.622064,-58.442292
-34.596102,-58.442236
-34.622754,-58.442174
-34.594245,-58.442100
-34.622921,-58.442080
-34.568442,-58.441992
-34.568442,-58.441992
-34.572824,-58.441986
-34.586287,-58.441975
-34.592844,-58.441957
-34.568399,-58.441945
-34.631252,-58.441898
-34.592931,-58.441874
-34.620597,-58.441870
-34.594665,-58.441860
-34.594670,-58.441855
-34.554658,-58.441799
-34.661522,-58.441786
-34.661522,-58.441786
-34.593093,-58.441723
-34.593093,-58.441723
-34.593093,-58.441723
-34.638797,-58.441708
-34.566302,-58.441677
-34.605471,-58.441587
-34.605471,-58.441587
-34.592988,-58.441541
-34.625127,-58.441527
-34.625127,-58.441527
-34.611135,-58.441470
-34.573183,-58.441445
-34.593414,-58.441423
-34.574564,-58.441333
-34.574564,-58.441333
-34.597658,-58.441318
-34.616001,-58.441313
-34.616001,-58.441313
-34.616001,-58.441313
-34.616001,-58.441313
-34.595527,-58.441272
-34.593457,-58.441237
-34.593457,-58.441237
-34.593457,-58.441237
-34.616000,-58.441219
-34.593519,-58.441179
-34.598541,-58.441148
-34.613310,-58.441134
-34.629152,-58.441073
-34.629152,-58.441073
-34.636945,-58.440911
-34.564263,-58.440871
-34.605101,-58.440825
-34.580259,-58.440782
-34.664012,-58.440780
-34.615350,-58.440746
-34.556362,-58.440732
-34.551131,-58.440730
-34.624703,-58.440713
-34.606448,-58.440696
-34.643347,-58.440684
-34.580796,-58.440677
-34.594055,-58.440671
-34.653877,-58.440638
-34.593792,-58.440634
-34.607699,-58.440589
-34.600120,-58.440577
-34.627348,-58.440555
-34.570502,-58.440518
-34.613813,-58.440509
-34.622852,-58.440476
-34.612501,-58.440471
-34.639991,-58.440438
-34.639991,-58.440438
-34.639991,-58.440438
-34.573997,-58.440428
-34.597983,-58.440396
-34.598408,-58.440375
-34.584203,-58.440337
-34.612873,-58.440318
-34.602240,-58.440294
-34.640384,-58.440293
-34.640384,-58.440293
-34.594706,-58.440219
-34.628880,-58.440197
-34.593512,-58.440143
-34.570169,-58.440115
-34.614780,-58.440091
-34.565706,-58.440066
-34.570118,-58.440039
-34.616732,-58.440038
-34.580679,-58.440027
-34.594938,-58.440002
-34.616935,-58.439952
-34.616935,-58.439952
-34.616935,-58.439952
-34.616935,-58.439952
-34.570121,-58.439950
-34.615886,-58.439947
-34.617046,-58.439905
-34.604805,-58.439903
-34.583823,-58.439902
-34.633059,-58.439900
-34.633059,-58.439900
-34.582077,-58.439850
-34.609668,-58.439848
-34.554931,-58.439830
-34.611010,-58.439755
-34.630748,-58.439749
-34.630550,-58.439688
-34.641710,-58.439685
-34.617000,-58.439680
-34.617000,-58.439680
-34.595281,-58.439675
-34.618195,-58.439630
-34.613288,-58.439556
-34.663582,-58.439524
-34.556411,-58.439511
-34.621703,-58.439430
-34.621703,-58.439430
-34.592277,-58.439423
-34.600162,-58.439418
-34.593748,-58.439392
-34.593748,-58.439392
-34.604030,-58.439369
-34.629079,-58.439310
-34.593685,-58.439298
-34.644540,-58.439276
-34.606538,-58.439245
-34.613183,-58.439101
-34.597146,-58.439085
-34.563466,-58.439042
-34.588227,-58.439038
-34.569361,-58.439009
-34.583153,-58.438972
-34.583153,-58.438972
-34.579518,-58.438866
-34.627334,-58.438835
-34.612940,-58.438828
-34.621722,-58.438805
-34.592740,-58.438784
-34.592740,-58.438784
-34.595334,-58.438725
-34.573368,-58.438694
-34.603585,-58.438678
-34.622901,-58.438657
-34.565286,-58.438618
-34.565286,-58.438618
-34.608880,-58.438594
-34.573165,-58.438589
-34.614403,-58.438570
-34.614403,-58.438570
-34.620870,-58.438560
-34.621080,-58.438368
-34.613044,-58.438367
-34.634147,-58.438347
-34.622738,-58.438338
-34.596718,-58.438331
-34.576476,-58.438322
-34.645497,-58.438308
-34.645497,-58.438308
-34.645497,-58.438308
-34.593006,-58.438214
-34.624799,-58.438210
-34.591454,-58.438148
-34.582795,-58.438133
-34.596955,-58.438108
-34.603337,-58.438106
-34.573835,-58.438037
-34.634449,-58.438032
-34.578928,-58.438020
-34.578928,-58.438020
-34.642799,-58.437982
-34.612017,-58.437921
-34.582831,-58.437911
-34.582831,-58.437911
-34.646745,-58.437870
-34.646745,-58.437870
-34.600925,-58.437844
-34.632369,-58.437790
-34.632369,-58.437790
-34.601653,-58.437775
-34.573555,-58.437711
-34.614078,-58.437686
-34.601574,-58.437650
-34.565644,-58.437628
-34.565644,-58.437628
-34.631689,-58.437573
-34.584572,-58.437568
-34.643438,-58.437524
-34.589471,-58.437505
-34.613104,-58.437485
-34.613104,-58.437485
-34.616095,-58.437437
-34.616095,-58.437437
-34.616095,-58.437437
-34.647342,-58.437404
-34.647342,-58.437404
-34.578355,-58.437362
-34.578355,-58.437362
-34.597762,-58.437348
-34.578304,-58.437304
-34.578304,-58.437304
-34.578304,-58.437304
-34.578304,-58.437304
-34.578304,-58.437304
-34.578304,-58.437304
-34.578304,-58.437304
-34.578304,-58.437304
-34.621239,-58.437303
-34.658498,-58.437263
-34.578254,-58.437246
-34.578254,-58.437246
-34.620427,-58.437190
-34.597793,-58.437173
-34.600321,-58.437166
-34.600321,-58.437166
-34.622837,-58.437131
-34.589770,-58.437056
-34.602638,-58.437016
-34.622112,-58.436884
-34.622072,-58.436803
-34.611774,-58.436794
-34.611774,-58.436794
-34.577689,-58.436773
-34.592951,-58.436772
-34.574570,-58.436727
-34.596969,-58.436691
-34.621511,-58.436684
-34.600031,-58.436679
-34.613652,-58.436672
-34.601067,-58.436659
-34.614128,-58.436545
-34.614128,-58.436545
-34.588634,-58.436489
-34.643438,-58.436468
-34.611896,-58.436450
-34.620765,-58.436422
-34.598231,-58.436373
-34.618681,-58.436366
-34.597026,-58.436322
-34.600416,-58.436319
-34.588954,-58.436310
-34.624380,-58.436292
-34.625240,-58.436275
-34.625240,-58.436275
-34.579604,-58.436225
-34.625293,-58.436154
-34.625450,-58.436151
-34.577995,-58.436140
-34.577995,-58.436140
-34.659523,-58.436098
-34.659523,-58.436098
-34.618210,-58.436066
-34.578058,-58.436061
-34.578911,-58.436052
-34.591820,-58.436030
-34.608856,-58.436008
-34.611811,-58.435971
-34.611811,-58.435971
-34.611811,-58.435971
-34.575306,-58.435966
-34.613562,-58.435960
-34.626733,-58.435944
-34.598161,-58.435916
-34.598161,-58.435916
-34.591082,-58.435876
-34.591056,-58.435831
-34.591056,-58.435831
-34.591175,-58.435826
-34.637199,-58.435822
-34.577007,-58.435817
-34.621391,-58.435770
-34.593950,-58.435751
-34.591131,-58.435748
-34.591131,-58.435748
-34.591131,-58.435748
-34.591131,-58.435748
-34.597488,-58.435735
-34.597488,-58.435735
-34.614373,-58.435706
-34.599106,-58.435696
-34.576882,-58.435673
-34.593882,-58.435670
-34.614482,-58.435656
-34.614482,-58.435656
-34.614511,-58.435642
-34.635430,-58.435609
-34.566936,-58.435580
-34.620028,-58.435564
-34.620028,-58.435564
-34.614495,-58.435527
-34.580201,-58.435466
-34.658279,-58.435424
-34.599852,-58.435391
-34.626021,-58.435390
-34.570551,-58.435340
-34.633506,-58.435285
-34.583484,-58.435263
-34.630385,-58.435213
-34.568355,-58.435190
-34.608830,-58.435145
-34.568401,-58.435111
-34.567565,-58.435109
-34.621439,-58.435026
-34.621439,-58.435026
-34.655386,-58.435012
-34.655386,-58.435012
-34.655386,-58.435012
-34.581300,-58.434916
-34.588172,-58.434825
-34.588172,-58.434825
-34.657954,-58.434787
-34.569189,-58.434777
-34.569189,-58.434777
-34.579306,-58.434735
-34.617563,-58.434594
-34.575679,-58.434588
-34.634295,-58.434538
-34.611089,-58.434494
-34.611089,-58.434494
-34.598248,-58.434353
-34.598248,-58.434353
-34.598248,-58.434353
-34.575627,-58.434348
-34.646029,-58.434311
-34.599030,-58.434292
-34.611995,-58.434268
-34.611995,-58.434268
-34.611995,-58.434268
-34.564754,-58.434258
-34.564754,-58.434258
-34.657680,-58.434250
-34.657680,-58.434250
-34.657680,-58.434250
-34.613356,-58.434168
-34.613356,-58.434168
-34.626994,-58.434138
-34.610938,-58.434128
-34.620110,-58.434122
-34.575335,-58.434104
-34.603125,-58.434100
-34.603125,-58.434100
-34.620138,-58.433906
-34.620216,-58.433906
-34.620780,-58.433870
-34.574791,-58.433825
-34.574791,-58.433825
-34.589776,-58.433816
-34.617200,-58.433778
-34.570505,-58.433723
-34.580108,-58.433721
-34.580108,-58.433721
-34.588979,-58.433706
-34.630445,-58.433684
-34.599735,-58.433635
-34.609481,-58.433624
-34.573866,-58.433592
-34.573866,-58.433592
-34.573866,-58.433592
-34.587171,-58.433535
-34.571411,-58.433516
-34.602651,-58.433443
-34.594628,-58.433404
-34.603867,-58.433395
-34.576206,-58.433305
-34.576206,-58.433305
-34.576206,-58.433305
-34.642646,-58.433299
-34.621347,-58.433109
-34.621347,-58.433109
-34.597437,-58.433089
-34.622200,-58.432934
-34.622200,-58.432934
-34.622200,-58.432934
-34.622200,-58.432934
-34.596808,-58.432928
-34.641921,-58.432918
-34.655883,-58.432906
-34.600710,-58.432869
-34.600710,-58.432869
-34.601755,-58.432869
-34.641896,-58.432794
-34.657680,-58.432791
-34.579795,-58.432745
-34.579795,-58.432745
-34.601108,-58.432733
-34.598520,-58.432681
-34.640682,-58.432671
-34.612991,-58.432665
-34.571664,-58.432601
-34.616472,-58.432553
-34.572593,-58.432549
-34.572593,-58.432549
-34.601869,-58.432528
-34.567350,-58.432476
-34.595927,-58.432431
-34.583490,-58.432400
-34.622793,-58.432377
-34.619920,-58.432356
-34.571643,-58.432309
-34.571643,-58.432309
-34.589858,-58.432301
-34.588898,-58.432300
-34.625578,-58.432226
-34.631810,-58.432220
-34.631810,-58.432220
-34.592623,-58.432214
-34.623538,-58.432209
-34.602192,-58.432199
-34.567620,-58.432179
-34.567620,-58.432179
-34.567620,-58.432179
-34.641764,-58.432135
-34.615077,-58.432116
-34.603658,-58.432049
-34.618818,-58.432038
-34.618818,-58.432038
-34.618818,-58.432038
-34.618818,-58.432038
-34.618818,-58.432038
-34.604390,-58.432035
-34.648581,-58.432012
-34.605085,-58.431975
-34.618801,-58.431900
-34.624025,-58.431888
-34.599351,-58.431883
-34.629664,-58.431836
-34.638019,-58.431831
-34.646731,-58.431823
-34.646731,-58.431823
-34.578601,-58.431817
-34.578601,-58.431817
-34.575600,-58.431798
-34.648584,-58.431798
-34.616136,-58.431783
-34.602164,-58.431777
-34.622615,-58.431751
-34.608988,-58.431715
-34.589143,-58.431693
-34.657128,-58.431677
-34.578800,-58.431675
-34.594640,-58.431673
-34.630196,-58.431667
-34.606285,-58.431661
-34.572573,-58.431628
-34.576728,-58.431577
-34.586314,-58.431564
-34.623429,-58.431549
-34.621018,-58.431542
-34.589261,-58.431508
-34.589261,-58.431508
-34.664716,-58.431508
-34.664716,-58.431508
-34.664716,-58.431508
-34.609408,-58.431462
-34.655244,-58.431425
-34.655244,-58.431425
-34.655244,-58.431425
-34.664830,-58.431414
-34.664898,-58.431358
-34.592314,-58.431350
-34.594849,-58.431322
-34.570133,-58.431275
-34.570133,-58.431275
-34.623381,-58.431263
-34.634618,-58.431247
-34.634618,-58.431247
-34.608652,-58.431218
-34.607346,-58.431214
-34.602766,-58.431211
-34.619777,-58.431179
-34.645751,-58.431161
-34.613094,-58.431129
-34.642190,-58.431106
-34.635300,-58.431104
-34.635300,-58.431104
-34.620625,-58.431096
-34.625451,-58.431020
-34.594802,-58.431013
-34.608650,-58.430962
-34.608650,-58.430962
-34.608650,-58.430962
-34.647678,-58.430960
-34.610357,-58.430888
-34.628036,-58.430775
-34.628036,-58.430775
-34.647673,-58.430720
-34.637600,-58.430624
-34.616728,-58.430582
-34.591667,-58.430580
-34.591667,-58.430580
-34.575555,-58.430552
-34.604535,-58.430527
-34.604535,-58.430527
-34.573422,-58.430527
-34.588439,-58.430516
-34.588439,-58.430516
-34.617286,-58.430491
-34.614259,-58.430483
-34.610586,-58.430414
-34.610586,-58.430414
-34.610586,-58.430414
-34.610586,-58.430414
-34.608960,-58.430396
-34.611010,-58.430388
-34.658504,-58.430314
-34.658504,-58.430314
-34.623918,-58.430266
-34.573288,-58.430238
-34.573288,-58.430238
-34.573288,-58.430238
-34.651833,-58.430232
-34.613328,-58.430192
-34.613328,-58.430192
-34.585844,-58.430189
-34.614233,-58.430139
-34.587234,-58.429979
-34.633038,-58.429973
-34.641378,-58.429953
-34.634874,-58.429879
-34.633017,-58.429845
-34.594590,-58.429778
-34.585968,-58.429741
-34.585968,-58.429741
-34.620432,-58.429630
-34.627312,-58.429599
-34.632800,-58.429547
-34.595134,-58.429503
-34.641275,-58.429463
-34.641275,-58.429463
-34.622418,-58.429437
-34.590913,-58.429431
-34.604933,-58.429421
-34.590856,-58.429345
-34.592007,-58.429310
-34.606903,-58.429199
-34.614988,-58.429196
-34.577436,-58.429179
-34.644162,-58.429156
-34.590576,-58.429116
-34.609064,-58.429115
-34.610814,-58.428954
-34.623991,-58.428917
-34.590574,-58.428915
-34.634786,-58.428911
-34.604209,-58.428890
-34.627229,-58.428880
-34.584219,-58.428875
-34.645967,-58.428821
-34.645967,-58.428821
-34.643057,-58.428819
-34.595894,-58.428782
-34.661718,-58.428707
-34.645520,-58.428700
-34.583440,-58.428660
-34.611517,-58.428649
-34.605001,-58.428642
-34.577593,-58.428597
-34.597236,-58.428580
-34.635424,-58.428494
-34.577631,-58.428488
-34.579751,-58.428463
-34.579751,-58.428463
-34.579751,-58.428463
-34.619297,-58.428452
-34.601155,-58.428418
-34.622082,-58.428372
-34.594226,-58.428314
-34.613365,-58.428274
-34.632212,-58.428268
-34.583492,-58.428228
-34.577728,-58.428191
-34.577728,-58.428191
-34.638435,-58.428100
-34.595623,-58.428088
-34.638626,-58.428051
-34.630777,-58.428040
-34.627247,-58.427988
-34.594538,-58.427893
-34.605049,-58.427791
-34.605049,-58.427791
-34.608100,-58.427766
-34.612982,-58.427731
-34.585697,-58.427666
-34.588228,-58.427594
-34.605671,-58.427586
-34.625095,-58.427582
-34.661660,-58.427557
-34.622803,-58.427542
-34.651997,-58.427403
-34.651997,-58.427403
-34.635245,-58.427393
-34.643210,-58.427390
-34.610451,-58.427352
-34.649014,-58.427325
-34.649014,-58.427325
-34.581056,-58.427282
-34.581056,-58.427282
-34.581056,-58.427282
-34.660881,-58.427187
-34.639775,-58.427119
-34.624991,-58.427100
-34.610411,-58.427086
-34.580877,-58.426977
-34.618096,-58.426897
-34.618096,-58.426897
-34.657959,-58.426752
-34.583228,-58.426664
-34.569616,-58.426662
-34.643645,-58.426659
-34.594447,-58.426646
-34.581145,-58.426619
-34.593132,-58.426500
-34.604304,-58.426477
-34.629382,-58.426440
-34.628209,-58.426378
-34.644807,-58.426356
-34.644807,-58.426356
-34.615966,-58.426321
-34.635990,-58.426311
-34.620582,-58.426307
-34.583325,-58.426149
-34.614134,-58.426098
-34.623478,-58.426045
-34.623478,-58.426045
-34.645500,-58.426036
-34.615852,-58.425968
-34.635927,-58.425944
-34.641335,-58.425934
-34.615492,-58.425895
-34.580020,-58.425890
-34.599214,-58.425884
-34.599214,-58.425884
-34.599214,-58.425884
-34.599214,-58.425884
-34.615867,-58.425877
-34.615867,-58.425877
-34.641529,-58.425820
-34.641435,-58.425806
-34.579329,-58.425768
-34.579329,-58.425768
-34.643058,-58.425725
-34.593036,-58.425694
-34.652855,-58.425679
-34.583634,-58.425674
-34.644742,-58.425649
-34.659935,-58.425604
-34.641351,-58.425456
-34.601010,-58.425355
-34.601010,-58.425355
-34.652396,-58.425313
-34.627482,-58.425206
-34.585461,-58.425126
-34.633546,-58.425118
-34.598932,-58.425108
-34.622358,-58.425096
-34.582471,-58.425072
-34.605910,-58.425036
-34.581361,-58.424982
-34.581361,-58.424982
-34.642278,-58.424950
-34.640992,-58.424897
-34.642325,-58.424892
-34.589686,-58.424850
-34.597363,-58.424844
-34.619200,-58.424760
-34.621542,-58.424731
-34.600257,-58.424665
-34.607729,-58.424594
-34.607729,-58.424594
-34.646518,-58.424593
-34.577512,-58.424538
-34.641136,-58.424510
-34.610340,-58.424504
-34.652996,-58.424476
-34.653044,-58.424406
-34.653044,-58.424406
-34.621492,-58.424388
-34.583256,-58.424257
-34.600303,-58.424196
-34.641442,-58.424147
-34.641442,-58.424147
-34.587365,-58.424057
-34.614870,-58.424051
-34.621445,-58.424005
-34.591709,-58.423982
-34.585961,-58.423936
-34.584390,-58.423800
-34.578696,-58.423757
-34.608698,-58.423744
-34.578511,-58.423736
-34.645700,-58.423736
-34.622360,-58.423639
-34.585219,-58.423603
-34.628746,-58.423588
-34.598845,-58.423583
-34.583417,-58.423569
-34.647682,-58.423564
-34.633588,-58.423552
-34.597737,-58.423551
-34.592389,-58.423505
-34.623826,-58.423423
-34.630027,-58.423423
-34.582482,-58.423419
-34.582482,-58.423419
-34.600464,-58.423367
-34.600464,-58.423367
-34.590751,-58.423358
-34.622405,-58.423291
-34.643063,-58.423276
-34.641553,-58.423252
-34.641553,-58.423252
-34.627198,-58.423240
-34.645176,-58.423186
-34.582156,-58.423013
-34.595634,-58.422996
-34.595634,-58.422996
-34.595634,-58.422996
-34.644983,-58.422985
-34.608514,-58.422891
-34.616870,-58.422881
-34.616870,-58.422881
-34.616870,-58.422881
-34.573574,-58.422761
-34.573574,-58.422761
-34.632176,-58.422743
-34.626490,-58.422715
-34.631993,-58.422485
-34.596435,-58.422455
-34.606051,-58.422409
-34.606051,-58.422409
-34.628024,-58.422402
-34.628024,-58.422402
-34.628024,-58.422402
-34.590810,-58.422379
-34.608504,-58.422359
-34.612515,-58.422215
-34.645901,-58.422177
-34.621472,-58.422094
-34.572589,-58.422088
-34.640660,-58.422074
-34.630528,-58.421960
-34.649035,-58.421935
-34.597645,-58.421889
-34.597645,-58.421889
-34.624134,-58.421879
-34.624134,-58.421879
-34.599431,-58.421828
-34.600631,-58.421681
-34.600631,-58.421681
-34.610929,-58.421608
-34.626016,-58.421510
-34.654415,-58.421468
-34.627634,-58.421427
-34.629486,-58.421398
-34.591538,-58.421352
-34.591635,-58.421323
-34.626909,-58.421292
-34.581647,-58.421279
-34.581647,-58.421279
-34.581647,-58.421279
-34.643484,-58.421218
-34.616695,-58.421187
-34.603238,-58.421148
-34.649770,-58.421081
-34.649770,-58.421081
-34.649770,-58.421081
-34.649770,-58.421081
-34.597660,-58.421060
-34.608643,-58.421019
-34.637610,-58.420996
-34.595427,-58.420964
-34.643852,-58.420939
-34.591533,-58.420872
-34.591533,-58.420872
-34.642497,-58.420802
-34.629740,-58.420744
-34.650284,-58.420701
-34.601784,-58.420696
-34.590282,-58.420652
-34.590282,-58.420652
-34.655045,-58.420595
-34.618564,-58.420584
-34.589893,-58.420584
-34.600400,-58.420493
-34.596530,-58.420438
-34.582250,-58.420350
-34.642096,-58.420242
-34.645818,-58.420214
-34.637706,-58.420164
-34.652610,-58.420148
-34.652667,-58.420078
-34.606057,-58.420046
-34.641165,-58.420027
-34.611098,-58.419947
-34.600815,-58.419932
-34.645332,-58.419931
-34.647155,-58.419927
-34.643368,-58.419911
-34.643368,-58.419911
-34.643368,-58.419911
-34.647824,-58.419897
-34.647824,-58.419897
-34.643488,-58.419826
-34.643488,-58.419826
-34.600732,-58.419779
-34.600732,-58.419779
-34.600732,-58.419779
-34.594224,-58.419643
-34.611311,-58.419605
-34.611311,-58.419605
-34.611311,-58.419605
-34.640908,-58.419601
-34.620608,-58.419572
-34.593526,-58.419528
-34.593526,-58.419528
-34.593526,-58.419528
-34.593526,-58.419528
-34.593526,-58.419528
-34.609647,-58.419521
-34.629476,-58.419504
-34.600758,-58.419498
-34.620420,-58.419480
-34.646720,-58.419447
-34.641058,-58.419442
-34.641058,-58.419442
-34.622664,-58.419395
-34.622664,-58.419395
-34.601817,-58.419361
-34.601657,-58.419339
-34.623387,-58.419263
-34.623387,-58.419263
-34.622607,-58.419240
-34.601568,-58.419227
-34.633787,-58.419213
-34.609626,-58.419186
-34.609626,-58.419186
-34.599735,-58.419092
-34.645208,-58.419084
-34.642174,-58.419074
-34.642174,-58.419074
-34.600484,-58.419069
-34.600171,-58.419030
-34.605239,-58.419025
-34.600015,-58.419009
-34.619771,-58.419003
-34.642051,-58.418950
-34.652256,-58.418941
-34.652256,-58.418941
-34.598954,-58.418928
-34.554262,-58.418915
-34.629162,-58.418884
-34.573388,-58.418848
-34.573388,-58.418848
-34.642023,-58.418801
-34.602072,-58.418622
-34.595902,-58.418552
-34.595902,-58.418552
-34.645482,-58.418449
-34.612669,-58.418381
-34.612669,-58.418381
-34.631568,-58.418357
-34.643216,-58.418337
-34.634363,-58.418302
-34.644274,-58.418256
-34.616709,-58.418235
-34.616709,-58.418235
-34.616709,-58.418235
-34.646279,-58.418145
-34.599884,-58.418134
-34.604155,-58.418091
-34.645221,-58.418084
-34.645221,-58.418084
-34.645221,-58.418084
-34.646282,-58.417955
-34.632502,-58.417870
-34.612393,-58.417834
-34.641941,-58.417827
-34.651750,-58.417782
-34.584021,-58.417778
-34.584021,-58.417778
-34.584021,-58.417778
-34.647740,-58.417642
-34.646184,-58.417457
-34.647394,-58.417309
-34.644252,-58.417259
-34.642990,-58.417127
-34.642990,-58.417127
-34.642990,-58.417127
-34.647395,-58.417127
-34.610846,-58.417084
-34.610846,-58.417084
-34.590533,-58.417053
-34.602369,-58.417031
-34.629206,-58.416848
-34.625624,-58.416836
-34.625624,-58.416836
-34.602954,-58.416680
-34.602954,-58.416680
-34.600248,-58.416637
-34.600248,-58.416637
-34.645238,-58.416486
-34.645238,-58.416486
-34.622278,-58.416465
-34.631529,-58.416460
-34.613521,-58.416393
-34.580741,-58.416336
-34.607100,-58.416322
-34.636777,-58.416303
-34.600741,-58.416246
-34.601162,-58.416238
-34.619823,-58.416233
-34.623446,-58.416191
-34.588803,-58.416147
-34.588803,-58.416147
-34.647379,-58.416102
-34.607933,-58.416101
-34.607933,-58.416101
-34.637405,-58.416075
-34.637405,-58.416075
-34.608439,-58.416032
-34.605200,-58.415996
-34.609967,-58.415939
-34.609967,-58.415939
-34.654537,-58.415844
-34.654537,-58.415844
-34.654537,-58.415844
-34.654537,-58.415844
-34.629979,-58.415812
-34.646509,-58.415671
-34.635221,-58.415671
-34.640655,-58.415523
-34.586169,-58.415522
-34.628961,-58.415445
-34.628961,-58.415445
-34.596544,-58.415388
-34.596544,-58.415388
-34.596544,-58.415388
-34.596544,-58.415388
-34.596544,-58.415388
-34.596544,-58.415388
-34.596768,-58.415361
-34.630642,-58.415338
-34.633924,-58.415312
-34.652929,-58.415217
-34.610713,-58.415205
-34.610713,-58.415205
-34.610713,-58.415205
-34.635173,-58.415204
-34.631843,-58.415113
-34.631843,-58.415113
-34.635259,-58.415043
-34.635284,-58.415032
-34.641426,-58.415016
-34.627854,-58.414901
-34.598926,-58.414873
-34.596694,-58.414850
-34.587306,-58.414768
-34.626761,-58.414738
-34.626761,-58.414738
-34.626761,-58.414738
-34.606940,-58.414716
-34.625171,-58.414639
-34.644620,-58.414546
-34.610367,-58.414455
-34.610367,-58.414455
-34.590101,-58.414387
-34.590101,-58.414387
-34.590101,-58.414387
-34.585407,-58.414365
-34.599844,-58.414250
-34.592147,-58.414236
-34.607223,-58.414222
-34.580224,-58.414189
-34.599243,-58.414115
-34.623370,-58.414107
-34.652360,-58.414084
-34.619013,-58.414068
-34.634729,-58.414043
-34.584175,-58.414034
-34.625104,-58.413998
-34.595681,-58.413918
-34.595681,-58.413918
-34.591547,-58.413858
-34.590309,-58.413801
-34.590309,-58.413801
-34.620654,-58.413774
-34.587440,-58.413772
-34.587440,-58.413772
-34.587440,-58.413772
-34.620861,-58.413756
-34.604187,-58.413744
-34.604187,-58.413744
-34.621246,-58.413715
-34.626011,-58.413558
-34.633397,-58.413519
-34.633397,-58.413519
-34.596753,-58.413515
-34.625693,-58.413466
-34.625745,-58.413461
-34.589944,-58.413444
-34.589944,-58.413444
-34.590821,-58.413434
-34.591367,-58.413385
-34.633465,-58.413378
-34.598355,-58.413286
-34.580402,-58.413267
-34.655846,-58.413248
-34.655846,-58.413248
-34.591192,-58.413227
-34.634474,-58.413196
-34.634474,-58.413196
-34.592488,-58.413119
-34.592488,-58.413119
-34.577363,-58.413033
-34.613850,-58.413018
-34.613970,-58.412975
-34.602767,-58.412930
-34.615683,-58.412856
-34.620754,-58.412854
-34.626543,-58.412774
-34.627693,-58.412737
-34.591417,-58.412633
-34.618104,-58.412570
-34.618104,-58.412570
-34.615348,-58.412562
-34.627679,-58.412541
-34.587312,-58.412525
-34.587312,-58.412525
-34.587312,-58.412525
-34.587312,-58.412525
-34.587312,-58.412525
-34.587312,-58.412525
-34.599215,-58.412519
-34.629810,-58.412465
-34.596904,-58.412387
-34.623519,-58.412339
-34.625082,-58.412333
-34.596907,-58.412327
-34.648499,-58.412183
-34.648499,-58.412183
-34.640106,-58.412131
-34.631558,-58.412124
-34.648782,-58.412115
-34.591873,-58.412110
-34.634823,-58.412028
-34.634823,-58.412028
-34.591926,-58.412020
-34.615315,-58.412009
-34.627354,-58.412004
-34.625842,-58.411971
-34.625842,-58.411971
-34.627587,-58.411955
-34.626542,-58.411873
-34.627627,-58.411816
-34.627627,-58.411816
-34.630876,-58.411792
-34.650772,-58.411790
-34.592477,-58.411751
-34.606517,-58.411714
-34.606517,-58.411714
-34.606517,-58.411714
-34.609904,-58.411706
-34.609904,-58.411706
-34.609904,-58.411706
-34.609904,-58.411706
-34.609904,-58.411706
-34.609904,-58.411706
-34.631938,-58.411669
-34.631986,-58.411664
-34.616584,-58.411661
-34.616584,-58.411661
-34.631041,-58.411655
-34.616671,-58.411532
-34.631716,-58.411513
-34.623788,-58.411491
-34.592077,-58.411441
-34.627588,-58.411271
-34.627588,-58.411271
-34.588226,-58.411160
-34.617810,-58.411122
-34.557754,-58.411081
-34.557754,-58.411081
-34.579011,-58.411080
-34.579011,-58.411080
-34.591557,-58.411033
-34.627465,-58.410948
-34.581637,-58.410939
-34.628389,-58.410908
-34.610404,-58.410901
-34.624471,-58.410760
-34.624471,-58.410760
-34.655526,-58.410511
-34.607935,-58.410451
-34.592591,-58.410445
-34.605201,-58.410353
-34.590620,-58.410299
-34.595457,-58.410234
-34.595457,-58.410234
-34.596999,-58.410020
-34.569697,-58.410000
-34.597000,-58.409925
-34.614874,-58.409785
-34.610319,-58.409717
-34.610319,-58.409717
-34.607868,-58.409698
-34.633099,-58.409655
-34.598173,-58.409541
-34.657520,-58.409404
-34.629679,-58.409402
-34.592126,-58.409267
-34.580711,-58.408917
-34.581797,-58.408864
-34.603025,-58.408543
-34.633287,-58.408408
-34.633287,-58.408408
-34.629814,-58.408395
-34.605757,-58.408335
-34.605757,-58.408335
-34.615948,-58.408246
-34.615948,-58.408246
-34.629586,-58.408242
-34.652205,-58.408166
-34.624593,-58.408094
-34.596441,-58.407939
-34.596441,-58.407939
-34.619576,-58.407855
-34.619576,-58.407855
-34.619576,-58.407855
-34.593351,-58.407792
-34.593351,-58.407792
-34.592233,-58.407721
-34.585245,-58.407407
-34.623792,-58.407100
-34.601704,-58.407022
-34.644065,-58.407020
-34.644065,-58.407020
-34.613753,-58.407001
-34.614986,-58.407000
-34.624452,-58.406927
-34.624452,-58.406927
-34.616535,-58.406832
-34.616535,-58.406832
-34.606641,-58.406822
-34.628115,-58.406804
-34.636104,-58.406798
-34.636104,-58.406798
-34.636104,-58.406798
-34.616773,-58.406774
-34.627365,-58.406693
-34.632799,-58.406630
-34.628807,-58.406619
-34.628019,-58.406618
-34.593882,-58.406606
-34.595414,-58.406472
-34.620144,-58.406341
-34.620144,-58.406341
-34.620144,-58.406341
-34.649611,-58.406321
-34.590939,-58.406273
-34.650749,-58.406248
-34.631314,-58.406223
-34.612491,-58.406130
-34.655559,-58.406056
-34.627137,-58.406036
-34.607459,-58.406004
-34.623633,-58.405947
-34.629146,-58.405930
-34.623778,-58.405927
-34.612402,-58.405864
-34.651562,-58.405844
-34.629057,-58.405757
-34.601008,-58.405752
-34.652107,-58.405750
-34.625185,-58.405739
-34.585400,-58.405731
-34.625274,-58.405727
-34.625274,-58.405727
-34.587309,-58.405714
-34.588479,-58.405701
-34.587219,-58.405610
-34.600347,-58.405438
-34.627685,-58.405400
-34.627685,-58.405400
-34.583570,-58.405352
-34.636973,-58.405268
-34.655023,-58.405220
-34.618929,-58.405156
-34.618929,-58.405156
-34.606526,-58.405132
-34.613663,-58.405104
-34.624046,-58.405014
-34.650297,-58.404833
-34.615486,-58.404766
-34.606429,-58.404764
-34.597950,-58.404572
-34.601195,-58.404496
-34.578406,-58.404492
-34.578406,-58.404492
-34.578406,-58.404492
-34.578406,-58.404492
-34.590955,-58.404371
-34.590955,-58.404371
-34.593841,-58.404309
-34.578339,-58.404238
-34.607620,-58.404216
-34.623391,-58.404207
-34.624097,-58.404072
-34.579413,-58.404065
-34.579413,-58.404065
-34.594842,-58.404039
-34.594842,-58.404039
-34.630291,-58.403965
-34.626787,-58.403790
-34.590108,-58.403684
-34.590108,-58.403684
-34.590108,-58.403684
-34.618959,-58.403671
-34.628381,-58.403588
-34.613403,-58.403457
-34.611069,-58.403401
-34.619595,-58.403386
-34.629026,-58.403291
-34.604659,-58.403272
-34.631172,-58.403226
-34.624916,-58.403199
-34.624916,-58.403199
-34.613092,-58.403115
-34.603447,-58.403108
-34.600957,-58.403081
-34.646052,-58.402902
-34.578591,-58.402814
-34.578591,-58.402814
-34.588873,-58.402718
-34.584212,-58.402676
-34.588276,-58.402645
-34.583311,-58.402514
-34.593052,-58.402513
-34.617876,-58.402490
-34.617876,-58.402490
-34.627647,-58.402484
-34.622980,-58.402463
-34.623109,-58.402433
-34.588099,-58.402405
-34.601582,-58.402384
-34.623506,-58.402342
-34.636262,-58.402239
-34.636262,-58.402239
-34.596135,-58.402196
-34.626535,-58.402192
-34.597712,-58.402192
-34.623506,-58.402130
-34.597688,-58.402019
-34.608449,-58.401962
-34.628693,-58.401912
-34.628693,-58.401912
-34.638881,-58.401889
-34.638881,-58.401889
-34.589125,-58.401601
-34.589010,-58.401460
-34.589010,-58.401460
-34.611019,-58.401453
-34.639719,-58.401326
-34.639719,-58.401326
-34.596394,-58.401314
-34.589748,-58.401218
-34.596429,-58.401201
-34.596429,-58.401201
-34.623275,-58.401137
-34.601114,-58.401087
-34.588680,-58.401055
-34.588680,-58.401055
-34.588519,-58.401027
-34.628587,-58.401018
-34.619110,-58.401000
-34.599586,-58.400931
-34.617574,-58.400839
-34.594170,-58.400825
-34.596613,-58.400610
-34.591788,-58.400586
-34.591788,-58.400586
-34.608846,-58.400585
-34.608846,-58.400585
-34.593407,-58.400511
-34.622700,-58.400483
-34.588184,-58.400432
-34.604577,-58.400261
-34.589793,-58.400161
-34.628490,-58.400108
-34.606071,-58.399991
-34.638025,-58.399898
-34.591756,-58.399807
-34.600702,-58.399796
-34.600702,-58.399796
-34.600702,-58.399796
-34.588913,-58.399665
-34.588913,-58.399665
-34.621402,-58.399661
-34.587456,-58.399656
-34.596949,-58.399555
-34.612022,-58.399499
-34.591266,-58.399496
-34.605407,-58.399452
-34.630234,-58.399365
-34.605821,-58.399320
-34.616057,-58.399121
-34.614370,-58.398954
-34.619386,-58.398943
-34.619386,-58.398943
-34.635933,-58.398647
-34.597056,-58.398534
-34.634560,-58.398469
-34.595314,-58.398441
-34.629018,-58.398435
-34.629018,-58.398435
-34.591910,-58.398423
-34.591910,-58.398423
-34.591910,-58.398423
-34.591910,-58.398423
-34.635760,-58.398406
-34.610795,-58.398404
-34.595499,-58.398362
-34.592592,-58.398288
-34.592592,-58.398288
-34.592592,-58.398288
-34.614863,-58.398164
-34.592737,-58.398068
-34.592737,-58.398068
-34.611949,-58.397960
-34.613117,-58.397932
-34.613117,-58.397932
-34.629401,-58.397845
-34.588770,-58.397533
-34.612666,-58.397469
-34.612666,-58.397469
-34.640458,-58.397207
-34.609484,-58.397173
-34.602451,-58.397050
-34.602842,-58.397018
-34.638489,-58.396912
-34.599643,-58.396900
-34.621283,-58.396885
-34.621362,-58.396860
-34.621362,-58.396860
-34.593124,-58.396769
-34.611845,-58.396557
-34.624324,-58.396491
-34.607586,-58.396481
-34.607586,-58.396481
-34.607586,-58.396481
-34.607586,-58.396481
-34.607614,-58.396479
-34.607614,-58.396479
-34.620626,-58.396384
-34.620626,-58.396384
-34.620626,-58.396384
-34.640760,-58.396322
-34.613925,-58.396187
-34.614583,-58.396087
-34.636492,-58.396071
-34.634219,-58.396056
-34.626795,-58.396039
-34.598797,-58.395920
-34.619021,-58.395912
-34.632170,-58.395842
-34.609374,-58.395633
-34.587515,-58.395569
-34.587515,-58.395569
-34.651528,-58.395428
-34.627314,-58.395392
-34.627314,-58.395392
-34.627314,-58.395392
-34.609470,-58.395145
-34.619587,-58.395142
-34.592822,-58.395027
-34.592822,-58.395027
-34.622863,-58.394961
-34.586559,-58.394813
-34.613423,-58.394748
-34.611533,-58.394735
-34.587035,-58.394671
-34.587035,-58.394671
-34.625962,-58.394585
-34.598296,-58.394568
-34.588483,-58.394466
-34.618835,-58.394453
-34.618835,-58.394453
-34.618835,-58.394453
-34.627389,-58.394378
-34.654105,-58.394303
-34.653658,-58.394153
-34.611691,-58.394139
-34.652756,-58.394080
-34.652756,-58.394080
-34.627513,-58.394075
-34.653715,-58.393601
-34.625454,-58.393491
-34.625468,-58.393489
-34.626541,-58.393429
-34.605766,-58.393353
-34.625882,-58.393344
-34.594961,-58.393315
-34.627167,-58.393286
-34.627292,-58.393272
-34.627292,-58.393272
-34.627292,-58.393272
-34.618665,-58.393256
-34.626663,-58.393253
-34.598465,-58.393175
-34.618732,-58.393158
-34.618732,-58.393158
-34.619794,-58.393146
-34.616845,-58.393139
-34.634814,-58.393124
-34.594698,-58.393081
-34.606837,-58.393060
-34.583168,-58.393035
-34.613990,-58.392924
-34.619244,-58.392872
-34.626475,-58.392822
-34.619237,-58.392787
-34.615721,-58.392746
-34.588995,-58.392719
-34.623890,-58.392697
-34.612764,-58.392621
-34.612764,-58.392621
-34.612764,-58.392621
-34.620237,-58.392455
-34.609143,-58.392437
-34.625243,-58.392406
-34.583291,-58.392373
-34.619122,-58.392256
-34.652931,-58.392162
-34.628148,-58.392049
-34.607594,-58.391962
-34.611281,-58.391909
-34.588500,-58.391884
-34.628442,-58.391874
-34.626355,-58.391791
-34.586917,-58.391773
-34.616015,-58.391765
-34.611234,-58.391713
-34.621021,-58.391687
-34.613729,-58.391618
-34.614434,-58.391595
-34.619767,-58.391544
-34.661160,-58.391461
-34.625388,-58.391215
-34.625264,-58.391214
-34.607971,-58.391191
-34.606683,-58.391080
-34.633974,-58.390893
-34.618196,-58.390819
-34.649039,-58.390804
-34.612635,-58.390778
-34.612635,-58.390778
-34.630229,-58.390715
-34.590530,-58.390668
-34.613664,-58.390661
-34.631337,-58.390581
-34.632152,-58.390484
-34.594256,-58.390451
-34.615846,-58.390436
-34.616075,-58.390425
-34.620185,-58.390320
-34.628211,-58.390311
-34.620232,-58.390236
-34.590133,-58.390225
-34.620343,-58.390223
-34.620343,-58.390223
-34.620343,-58.390223
-34.621102,-58.390128
-34.621102,-58.390128
-34.602993,-58.390078
-34.604348,-58.389990
-34.604348,-58.389990
-34.637473,-58.389986
-34.628197,-58.389966
-34.595386,-58.389945
-34.638702,-58.389896
-34.602981,-58.389838
-34.593030,-58.389639
-34.625888,-58.389628
-34.613597,-58.389603
-34.629026,-58.389298
-34.630011,-58.389235
-34.630011,-58.389235
-34.592665,-58.389172
-34.630803,-58.389144
-34.590761,-58.389109
-34.590761,-58.389109
-34.610256,-58.389077
-34.614182,-58.389013
-34.617153,-58.388993
-34.601797,-58.388941
-34.585636,-58.388935
-34.585636,-58.388935
-34.620209,-58.388876
-34.607756,-58.388871
-34.607756,-58.388871
-34.607756,-58.388871
-34.635175,-58.388858
-34.618072,-58.388826
-34.593976,-58.388731
-34.593976,-58.388731
-34.593976,-58.388731
-34.593976,-58.388731
-34.601705,-58.388575
-34.613687,-58.388505
-34.592017,-58.388487
-34.602881,-58.388484
-34.602881,-58.388484
-34.591909,-58.388351
-34.591909,-58.388351
-34.591352,-58.388246
-34.640904,-58.388110
-34.627234,-58.387963
-34.603399,-58.387887
-34.605222,-58.387857
-34.611241,-58.387814
-34.630921,-58.387810
-34.594622,-58.387795
-34.606270,-58.387794
-34.630146,-58.387731
-34.595826,-58.387682
-34.610077,-58.387449
-34.628748,-58.387354
-34.616745,-58.387306
-34.652901,-58.387289
-34.652901,-58.387289
-34.598110,-58.386938
-34.598110,-58.386938
-34.648102,-58.386926
-34.609496,-58.386732
-34.624846,-58.386551
-34.624846,-58.386551
-34.624846,-58.386551
-34.624846,-58.386551
-34.626102,-58.386485
-34.605381,-58.386423
-34.613374,-58.386412
-34.586812,-58.386270
-34.586812,-58.386270
-34.593216,-58.386090
-34.613767,-58.385995
-34.615405,-58.385955
-34.609360,-58.385901
-34.616996,-58.385844
-34.629405,-58.385672
-34.624796,-58.385669
-34.607582,-58.385346
-34.609301,-58.385044
-34.609301,-58.385044
-34.592362,-58.384985
-34.609875,-58.384610
-34.609875,-58.384610
-34.609875,-58.384610
-34.607531,-58.384468
-34.624187,-58.384437
-34.592988,-58.384414
-34.620150,-58.384404
-34.623470,-58.384397
-34.617253,-58.384324
-34.626495,-58.384317
-34.626915,-58.384311
-34.620956,-58.384308
-34.618882,-58.384299
-34.618786,-58.384296
-34.630685,-58.384180
-34.629739,-58.384160
-34.605096,-58.384092
-34.599254,-58.384071
-34.606237,-58.383993
-34.608582,-58.383868
-34.606582,-58.383531
-34.609786,-58.383303
-34.615357,-58.383251
-34.616267,-58.383025
-34.609769,-58.382978
-34.621967,-58.382920
-34.621967,-58.382920
-34.613128,-58.382901
-34.609221,-58.382739
-34.630987,-58.382717
-34.631279,-58.382703
-34.631279,-58.382703
-34.631426,-58.382696
-34.629168,-58.382688
-34.629968,-58.382650
-34.630765,-58.382613
-34.630765,-58.382613
-34.609722,-58.382126
-34.622111,-58.382114
-34.615281,-58.381980
-34.610485,-58.381926
-34.619717,-58.381881
-34.630143,-58.381828
-34.630143,-58.381828
-34.616460,-58.381770
-34.627876,-58.381658
-34.616081,-58.381642
-34.615321,-58.381503
-34.617029,-58.381486
-34.624439,-58.381373
-34.605499,-58.380819
-34.606712,-58.380758
-34.615837,-58.380402
-34.646036,-58.380394
-34.639708,-58.380370
-34.603689,-58.379995
-34.621563,-58.379988
-34.641244,-58.379968
-34.641244,-58.379968
-34.641244,-58.379968
-34.596223,-58.379956
-34.627891,-58.379677
-34.615237,-58.379635
-34.615237,-58.379635
-34.616419,-58.379520
-34.599044,-58.379515
-34.642485,-58.379485
-34.609544,-58.379468
-34.624558,-58.379451
-34.623699,-58.379090
-34.629315,-58.379054
-34.626757,-58.378657
-34.615190,-58.378616
-34.615182,-58.378498
-34.646037,-58.378457
-34.646406,-58.378452
-34.608922,-58.378409
-34.612820,-58.378388
-34.624646,-58.378314
-34.624646,-58.378314
-34.646286,-58.378199
-34.616358,-58.378182
-34.649187,-58.377808
-34.649187,-58.377808
-34.600076,-58.377797
-34.618577,-58.377740
-34.641956,-58.377728
-34.647373,-58.377705
-34.644572,-58.377660
-34.647953,-58.377589
-34.648510,-58.377366
-34.601123,-58.377186
-34.598915,-58.377186
-34.615088,-58.377181
-34.615084,-58.377085
-34.608671,-58.377079
-34.625280,-58.376923
-34.599286,-58.376867
-34.603496,-58.376845
-34.600269,-58.376831
-34.600269,-58.376831
-34.602985,-58.376714
-34.599937,-58.376542
-34.615056,-58.376534
-34.604616,-58.376402
-34.648837,-58.376196
-34.615328,-58.376064
-34.615328,-58.376064
-34.616528,-58.375998
-34.615142,-58.375994
-34.616768,-58.375984
-34.615677,-58.375967
-34.616104,-58.375946
-34.617907,-58.375925
-34.618772,-58.375887
-34.632034,-58.375843
-34.606944,-58.375843
-34.628858,-58.375635
-34.611491,-58.375531
-34.614974,-58.374924
-34.604574,-58.374911
-34.610900,-58.374789
-34.612914,-58.374646
-34.613721,-58.374597
-34.614014,-58.374582
-34.619174,-58.374293
-34.641863,-58.374111
-34.624805,-58.373953
-34.616090,-58.373921
-34.616090,-58.373921
-34.600908,-58.373704
-34.600908,-58.373704
-34.617286,-58.373702
-34.617286,-58.373702
-34.603138,-58.373701
-34.609099,-58.373660
-34.640465,-58.373611
-34.637860,-58.373465
-34.597401,-58.373453
-34.597401,-58.373453
-34.610148,-58.373400
-34.611295,-58.373353
-34.604460,-58.373340
-34.632347,-58.373288
-34.613908,-58.373280
-34.613591,-58.373223
-34.595337,-58.373204
-34.623219,-58.373177
-34.598629,-58.373170
-34.634086,-58.373123
-34.615870,-58.373103
-34.623212,-58.373095
-34.635182,-58.372977
-34.627922,-58.372873
-34.627922,-58.372873
-34.624229,-58.372637
-34.613642,-58.372630
-34.613642,-58.372630
-34.612427,-58.372619
-34.595353,-58.372573
-34.595353,-58.372573
-34.624233,-58.372566
-34.630472,-58.372354
-34.615995,-58.372323
-34.644997,-58.372226
-34.610051,-58.372027
-34.610108,-58.371939
-34.610167,-58.371925
-34.599644,-58.371888
-34.599644,-58.371888
-34.612373,-58.371725
-34.604322,-58.371602
-34.628197,-58.371549
-34.629278,-58.371549
-34.616680,-58.371477
-34.616680,-58.371477
-34.610141,-58.371476
-34.614829,-58.371390
-34.632326,-58.371278
-34.632334,-58.371277
-34.632334,-58.371277
-34.632334,-58.371277
-34.632334,-58.371277
-34.623918,-58.371178
-34.631742,-58.371014
-34.631742,-58.371014
-34.631742,-58.371014
-34.631742,-58.371014
-34.616600,-58.370968
-34.616600,-58.370968
-34.619420,-58.370871
-34.617272,-58.370740
-34.610741,-58.370658
-34.606472,-58.370476
-34.645149,-58.370374
-34.645149,-58.370374
-34.602147,-58.370155
-34.614810,-58.369836
-34.636063,-58.369800
-34.636488,-58.369288
-34.643954,-58.369126
-34.643954,-58.369126
-34.646725,-58.368348
-34.646725,-58.368348
-34.620963,-58.368264
-34.644655,-58.368260
-34.644655,-58.368260
-34.599015,-58.367837
-34.615156,-58.367557
-34.615156,-58.367557
-34.615156,-58.367557
-34.612261,-58.367237
-34.613346,-58.367112
-34.644460,-58.367014
-34.644460,-58.367014
-34.644460,-58.367014
-34.613409,-58.366992
-34.614677,-58.366965
-34.614578,-58.366881
-34.615726,-58.366849
-34.638675,-58.366023
-34.627239,-58.365724
-34.619005,-58.365576
-34.620317,-58.365448
-34.636640,-58.364577
-34.624761,-58.364123
-34.633460,-58.363677
-34.627070,-58.363244
-34.627225,-58.363011
-34.643785,-58.362028
-34.626180,-58.361605
-34.612760,-58.361478
-34.630075,-58.361340
-34.634736,-58.361145
-34.637137,-58.360772
-34.632726,-58.360154
-34.632726,-58.360154
-34.634782,-58.359990
-34.618955,-58.359546
-34.634327,-58.359073
-34.632134,-58.358495
-34.633810,-58.357586
-34.634682,-58.357549
-34.631806,-58.357397
-34.630042,-58.357256
-34.632531,-58.356908
-34.633245,-58.356551
-34.634103,-58.356086
-34.634199,-58.355960
-34.634030,-58.355769
-34.634947,-58.355614
-34.632887,-58.355279
-34.633629,-58.354892
-34.631606,-58.354596
-34.632600,-58.354571
-34.632600,-58.354571
-34.633637,-58.354529
-34.631429,-58.354153
-34.631370,-58.354006
